1	3.	
		
1	Hospital	
2	outpatient	
3	clinic	
4	diagnostic	
5	service	
6	for	
7	all	
8	costs	
9	in	
10	excess	
11	of	
12	$	nsp
13	20	
14	a	
15	patient	nsp
16	.	
		
1	4.	
		
1	Community	
2	visiting	
3	nurse	
4	services	
5	at	
6	home	
7	for	
8	up	
9	to	
10	240	
11	days	
12	an	
13	illness	nsp
14	.	
		
1	The	
2	President	
3	noted	
4	that	
5	Congress	
6	last	
7	year	
8	passed	
9	a	
10	law	
11	providing	
12	grants	
13	to	
14	states	
15	to	
16	help	
17	pay	
18	medical	
19	bills	
20	of	
21	the	
22	needy	
23	aged	nsp
24	.	
		
1	CALLS	
2	PROPOSAL	
3	MODEST	
		
1	He	
2	said	
3	his	
4	plan	
5	is	
6	designed	
7	to	
8	"	nsp
9	meet	
10	the	
11	needs	
12	of	
13	those	
14	millions	
15	who	
16	have	
17	no	
18	wish	
19	to	
20	receive	
21	care	
22	at	
23	the	
24	taxpayers	nsp
25	'	
26	expense	nsp
27	,	
28	but	
29	who	
30	are	
31	nevertheless	
32	staggered	
33	by	
34	the	
35	drain	
36	on	
37	their	
38	savings	
39	--	
40	or	
41	those	
42	of	
43	their	
44	children	
45	--	
46	caused	
47	by	
48	an	
49	extended	
50	hospital	
51	stay	nsp
52	"	nsp
53	.	
		
1	"	nsp
2	This	
3	is	
4	a	
5	very	
6	modest	
7	proposal	
8	cut	
9	to	
10	meet	
11	absolutely	
12	essential	
13	needs	nsp
14	"	nsp
15	,	
16	he	
17	said	nsp
18	,	
19	"	nsp
20	and	
21	with	
22	sufficient	
23	'	nsp
24	deductible	nsp
25	`	
26	requirements	
27	to	
28	discourage	
29	any	
30	malingering	
31	or	
32	unnecessary	
33	overcrowding	
34	of	
35	our	
36	hospitals	nsp
37	.	
		
1	"	nsp
2	This	
3	is	
4	not	
5	a	
6	program	
7	of	
8	socialized	
9	medicine	nsp
10	.	
		
1	It	
2	is	
3	a	
4	program	
5	of	
6	prepayment	
7	of	
8	health	
9	costs	
10	with	
11	absolute	
12	freedom	
13	of	
14	choice	
15	guaranteed	nsp
16	.	
		
1	Every	
2	person	
3	will	
4	choose	
5	his	
6	own	
7	doctor	
8	and	
9	hospital	nsp
10	"	nsp
11	.	
		
1	WOULD	nsp
2	N'T	
3	PAY	
4	DOCTORS	
		
1	The	
2	plan	
3	does	
4	not	
5	cover	
6	doctor	
7	bills	nsp
8	.	
		
1	They	
2	would	
3	still	
4	be	
5	paid	
6	by	
7	the	
8	patient	nsp
9	.	
		
1	Apart	
2	from	
3	the	
4	aged	
5	care	
6	plan	
7	the	
8	President	nsp
9	's	
10	most	
11	ambitious	
12	and	
13	costly	
14	proposals	
15	were	
16	for	
17	federal	
18	scholarships	nsp
19	,	
20	and	
21	grants	
22	to	
23	build	
24	or	
25	enlarge	
26	medical	
27	and	
28	dental	
29	schools	nsp
30	.	
		
1	The	
2	President	
3	said	
4	the	
5	nation	nsp
6	's	
7	92	
8	medical	
9	and	
10	47	
11	dental	
12	schools	
13	can	nsp
14	not	
15	now	
16	handle	
17	the	
18	student	
19	load	
20	needed	
21	to	
22	meet	
23	the	
24	rising	
25	need	
26	for	
27	health	
28	care	nsp
29	.	
		
1	Moreover	nsp
2	,	
3	he	
4	said	nsp
5	,	
6	many	
7	qualified	
8	young	
9	people	
10	are	
11	not	
12	going	
13	into	
14	medicine	
15	and	
16	dentistry	
17	because	
18	they	
19	ca	nsp
20	n't	
21	afford	
22	the	
23	schooling	
24	costs	nsp
25	.	
		
1	CONTRIBUTIONS	
2	TO	
3	SCHOOLS	
		
1	The	
2	scholarship	
3	plan	
4	would	
5	provide	
6	federal	
7	contributions	
8	to	
9	each	
10	medical	
11	and	
12	dental	
13	school	
14	equal	
15	to	
16	$	nsp
17	1,500	
18	a	
19	year	
20	for	
21	one	nsp
22	-	nsp
23	fourth	
24	of	
25	the	
26	first	
27	year	
28	students	nsp
29	.	
		
1	The	
2	schools	
3	could	
4	use	
5	the	
6	money	
7	to	
8	pay	
9	4	nsp
10	-	nsp
11	year	
12	scholarships	nsp
13	,	
14	based	
15	on	
16	need	nsp
17	,	
18	of	
19	up	
20	to	
21	$	nsp
22	2,000	
23	a	
24	year	
25	per	
26	student	nsp
27	.	
		
1	In	
2	addition	nsp
3	,	
4	the	
5	government	
6	would	
7	pay	
8	a	
9	$	nsp
10	1,000	
11	"	nsp
12	cost	
13	of	
14	education	nsp
15	"	
16	grant	
17	to	
18	the	
19	schools	
20	for	
21	each	
22	$	nsp
23	1,500	
24	in	
25	scholarship	
26	grants	nsp
27	.	
		
1	Officials	
2	estimated	
3	the	
4	combined	
5	programs	
6	would	
7	cost	
8	5.1	
9	million	
10	dollars	
11	the	
12	first	
13	year	
14	and	
15	would	
16	go	
17	up	
18	to	
19	21	
20	millions	
21	by	
22	1966	nsp
23	.	
		
1	The	
2	President	
3	recommended	
4	federal	
5	"	nsp
6	matching	
7	grants	nsp
8	"	
9	totaling	
10	700	
11	million	
12	dollars	
13	in	
14	10	
15	years	
16	for	
17	constructing	
18	new	
19	medical	
20	and	
21	dental	
22	schools	
23	or	
24	enlarging	
25	the	
26	capacity	
27	of	
28	existing	
29	ones	nsp
30	.	
		
1	MORE	
2	FOR	
3	NURSING	
4	HOMES	
		
1	In	
2	the	
3	area	
4	of	
5	"	nsp
6	community	
7	health	
8	services	nsp
9	"	nsp
10	,	
11	the	
12	President	
13	called	
14	for	
15	doubling	
16	the	
17	present	
18	10	
19	million	
20	dollar	
21	a	
22	year	
23	federal	
24	grants	
25	for	
26	nursing	
27	home	
28	construction	nsp
29	.	
		
1	He	
2	asked	
3	for	
4	another	
5	10	
6	million	
7	dollar	
8	"	nsp
9	initial	nsp
10	"	
11	appropriation	
12	for	
13	"	nsp
14	stimulatory	
15	grants	nsp
16	"	
17	to	
18	states	
19	to	
20	improve	
21	nursing	
22	homes	nsp
23	.	
		
1	He	
2	further	
3	proposed	
4	grants	
5	of	
6	an	
7	unspecified	
8	sum	
9	for	
10	experimental	
11	hospitals	nsp
12	.	
		
1	In	
2	the	
3	child	
4	health	
5	field	nsp
6	,	
7	the	
8	President	
9	said	
10	he	
11	will	
12	recommend	
13	later	
14	an	
15	increase	
16	in	
17	funds	
18	for	
19	programs	
20	under	
21	the	
22	children	nsp
23	's	
24	bureau	nsp
25	.	
		
1	He	
2	also	
3	asked	
4	Congress	
5	to	
6	approve	
7	establishment	
8	of	
9	a	
10	national	
11	child	
12	health	
13	institute	nsp
14	.	
		
1	ASKS	
2	RESEARCH	
3	FUNDS	
		
1	The	
2	President	
3	said	
4	he	
5	will	
6	ask	
7	Congress	
8	to	
9	increase	
10	grants	
11	to	
12	states	
13	for	
14	vocational	
15	rehabilitation	nsp
16	.	
		
1	He	
2	did	
3	not	
4	say	
5	by	
6	how	
7	much	nsp
8	.	
		
1	For	
2	medical	
3	research	
4	he	
5	asked	
6	a	
7	20	
8	million	
9	dollar	
10	a	
11	year	
12	increase	nsp
13	,	
14	from	
15	30	
16	to	
17	50	
18	millions	nsp
19	,	
20	in	
21	matching	
22	grants	
23	for	
24	building	
25	research	
26	facilities	nsp
27	.	
		
1	The	
2	President	
3	said	
4	he	
5	will	
6	also	
7	propose	
8	increasing	nsp
9	,	
10	by	
11	an	
12	unspecified	
13	amount	nsp
14	,	
15	the	
16	540	
17	million	
18	dollars	
19	in	
20	the	
21	1961	nsp
22	-	nsp
23	62	
24	budget	
25	for	
26	direct	
27	government	
28	research	
29	in	
30	medicine	nsp
31	.	
		
1	The	
2	President	
3	said	
4	his	
5	proposals	
6	combine	
7	the	
8	"	nsp
9	indispensable	
10	elements	
11	in	
12	a	
13	sound	
14	health	
15	program	
16	--	
17	people	nsp
18	,	
19	knowledge	nsp
20	,	
21	services	nsp
22	,	
23	facilities	nsp
24	,	
25	and	
26	the	
27	means	
28	to	
29	pay	
30	for	
31	them	nsp
32	"	nsp
33	.	
		
1	REACTION	
2	AS	
3	EXPECTED	
		
1	Congressional	
2	reaction	
3	to	
4	the	
5	message	
6	was	
7	along	
8	expected	
9	lines	nsp
10	.	
		
1	Legislators	
2	who	
3	last	
4	year	
5	opposed	
6	placing	
7	aged	nsp
8	-	nsp
9	care	
10	under	
11	the	
12	social	
13	security	
14	system	
15	criticized	
16	the	
17	President	nsp
18	's	
19	plan	nsp
20	.	
		
1	Those	
2	who	
3	backed	
4	a	
5	similar	
6	plan	
7	last	
8	year	
9	hailed	
10	the	
11	message	nsp
12	.	
		
1	Senate	
2	Republican	
3	Leader	
4	Dirksen	
5	[	nsp
6	Ill.	nsp
7	]	
8	and	
9	House	
10	Republican	
11	Leader	
12	Charles	
13	Halleck	
14	[	nsp
15	Ind.	nsp
16	]	
17	said	
18	the	
19	message	
20	did	
21	not	
22	persuade	
23	them	
24	to	
25	change	
26	their	
27	opposition	
28	to	
29	compulsory	
30	medical	
31	insurance	nsp
32	.	
		
1	Halleck	
2	said	
3	the	
4	voluntary	
5	care	
6	plan	
7	enacted	
8	last	
9	year	
10	should	
11	be	
12	given	
13	a	
14	fair	
15	trial	
16	first	nsp
17	.	
		
1	House	
2	Speaker	
3	Sam	
4	Rayburn	
5	[	nsp
6	D.	nsp
7	,	
8	Tex.	nsp
9	]	
10	called	
11	the	
12	Kennedy	
13	program	
14	"	nsp
15	a	
16	mighty	
17	fine	
18	thing	nsp
19	"	nsp
20	,	
21	but	
22	made	
23	no	
24	prediction	
25	on	
26	its	
27	fate	
28	in	
29	the	
30	House	nsp
31	.	
		
1	WASHINGTON	nsp
2	,	
3	FEB.	
4	9	
		
1	--	
2	Acting	
3	hastily	
4	under	
5	White	
6	House	
7	pressure	nsp
8	,	
9	the	
10	Senate	
11	tonight	
12	confirmed	
13	Robert	
14	C.	
15	Weaver	
16	as	
17	the	
18	nation	nsp
19	's	
20	federal	
21	housing	
22	chief	nsp
23	.	
		
1	Only	
2	11	
3	senators	
4	were	
5	on	
6	the	
7	floor	
8	and	
9	there	
10	was	
11	no	
12	record	
13	vote	nsp
14	.	
		
1	A	
2	number	
3	of	
4	scattered	
5	"	nsp
6	ayes	nsp
7	"	
8	and	
9	"	nsp
10	noes	nsp
11	"	
12	was	
13	heard	nsp
14	.	
		
1	Customary	
2	Senate	
3	rules	
4	were	
5	ignored	
6	in	
7	order	
8	to	
9	speed	
10	approval	
11	of	
12	the	
13	Negro	
14	leader	
15	as	
16	administrator	
17	of	
18	the	
19	housing	
20	and	
21	home	
22	finance	
23	agency	nsp
24	.	
		
1	In	
2	the	
3	last	
4	eight	
5	years	nsp
6	,	
7	all	
8	Presidential	
9	appointments	nsp
10	,	
11	including	
12	those	
13	of	
14	cabinet	
15	rank	nsp
16	,	
17	have	
18	been	
19	denied	
20	immediate	
21	action	
22	because	
23	of	
24	a	
25	Senate	
26	rule	
27	requiring	
28	at	
29	least	
30	a	
31	24	
32	hour	
33	delay	
34	after	
35	they	
36	are	
37	reported	
38	to	
39	the	
40	floor	nsp
41	.	
		
1	ENFORCE	
2	BY	
3	DEMAND	
		
1	The	
2	rule	
3	was	
4	enforced	
5	by	
6	demand	
7	of	
8	Sen.	
9	Wayne	
10	Morse	
11	[	nsp
12	D.	nsp
13	,	
14	Ore.	nsp
15	]	
16	in	
17	connection	
18	with	
19	President	
20	Eisenhower	nsp
21	's	
22	cabinet	
23	selections	
24	in	
25	1953	
26	and	
27	President	
28	Kennedy	nsp
29	's	
30	in	
31	1961	nsp
32	.	
		
1	OSLO	
		
1	The	
2	most	
3	positive	
4	element	
5	to	
6	emerge	
7	from	
8	the	
9	Oslo	
10	meeting	
11	of	
12	North	
13	Atlantic	
14	Treaty	
15	Organization	
16	Foreign	
17	Ministers	
18	has	
19	been	
20	the	
21	freer	nsp
22	,	
23	franker	nsp
24	,	
25	and	
26	wider	
27	discussions	nsp
28	,	
29	animated	
30	by	
31	much	
32	better	
33	mutual	
34	understanding	
35	than	
36	in	
37	past	
38	meetings	nsp
39	.	
		
1	This	
2	has	
3	been	
4	a	
5	working	
6	session	
7	of	
8	an	
9	organization	
10	that	nsp
11	,	
12	by	
13	its	
14	very	
15	nature	nsp
16	,	
17	can	
18	only	
19	proceed	
20	along	
21	its	
22	route	
23	step	
24	by	
25	step	
26	and	
27	without	
28	dramatic	
29	changes	nsp
30	.	
		
1	In	
2	Oslo	nsp
3	,	
4	the	
5	ministers	
6	have	
7	met	
8	in	
9	a	
10	climate	
11	of	
12	candor	nsp
13	,	
14	and	
15	made	
16	a	
17	genuine	
18	attempt	
19	to	
20	get	
21	information	
22	and	
23	understanding	
24	one	
25	another	nsp
26	's	
27	problems	nsp
28	.	
		
1	This	
2	atmosphere	
3	of	
4	understanding	
5	has	
6	been	
7	particularly	
8	noticeable	
9	where	
10	relations	
11	are	
12	concerned	
13	between	
14	the	
15	"	nsp
16	colonialist	nsp
17	"	
18	powers	
19	and	
20	those	
21	who	
22	have	
23	never	nsp
24	,	
25	or	
26	not	
27	for	
28	a	
29	long	
30	time	nsp
31	,	
32	had	
33	such	
34	problems	nsp
35	.	
		
1	The	
2	nightmare	
3	of	
4	a	
5	clash	
6	between	
7	those	
8	in	
9	trouble	
10	in	
11	Africa	nsp
12	,	
13	exacerbated	
14	by	
15	the	
16	difficulties	nsp
17	,	
18	changes	nsp
19	,	
20	and	
21	tragedies	
22	facing	
23	them	nsp
24	,	
25	and	
26	other	
27	allies	
28	who	
29	intellectually	
30	and	
31	emotionally	
32	disapprove	
33	of	
34	the	
35	circumstances	
36	that	
37	have	
38	brought	
39	these	
40	troubles	
41	about	nsp
42	,	
43	has	
44	been	
45	conspicious	
46	by	
47	its	
48	absence	nsp
49	.	
		
1	EXPLOSION	
2	AVOIDED	
		
1	In	
2	the	
3	case	
4	of	
5	Portugal	nsp
6	,	
7	which	
8	a	
9	few	
10	weeks	
11	ago	
12	was	
13	rumored	
14	ready	
15	to	
16	walk	
17	out	
18	of	
19	the	
20	NATO	
21	Council	
22	should	
23	critics	
24	of	
25	its	
26	Angola	
27	policy	
28	prove	
29	harsh	nsp
30	,	
31	there	
32	has	
33	been	
34	a	
35	noticeable	
36	relaxation	
37	of	
38	tension	nsp
39	.	
		
1	The	
2	general	nsp
3	,	
4	remarkably	
5	courteous	nsp
6	,	
7	explanation	
8	has	
9	left	
10	basic	
11	positions	
12	unchanged	nsp
13	,	
14	but	
15	there	
16	has	
17	been	
18	no	
19	explosion	
20	in	
21	the	
22	council	nsp
23	.	
		
1	There	
2	should	
3	even	
4	be	
5	no	
6	more	
7	bitter	
8	surprises	
9	in	
10	the	
11	UN	
12	General	
13	Assembly	
14	as	
15	to	
16	NATO	
17	members	nsp
18	'	
19	votes	nsp
20	,	
21	since	
22	a	
23	new	
24	ad	
25	hoc	
26	NATO	
27	committee	
28	has	
29	been	
30	set	
31	up	
32	so	
33	that	
34	in	
35	the	
36	future	
37	such	
38	topics	
39	as	
40	Angola	
41	will	
42	be	
43	discussed	
44	in	
45	advance	nsp
46	.	
		
1	Canada	
2	alone	
3	has	
4	been	
5	somewhat	
6	out	
7	of	
8	step	
9	with	
10	the	
11	Oslo	
12	attempt	
13	to	
14	get	
15	all	
16	the	
17	allied	
18	cars	
19	back	
20	on	
21	the	
22	track	
23	behind	
24	the	
25	NATO	
26	locomotive	nsp
27	.	
		
1	Even	
2	Norway	nsp
3	,	
4	despite	
5	daily	
6	but	
7	limited	
8	manifestations	
9	against	
10	atomic	
11	arms	
12	in	
13	the	
14	heart	
15	of	
16	this	
17	northernmost	
18	capital	
19	of	
20	the	
21	alliance	nsp
22	,	
23	is	
24	today	
25	closer	
26	to	
27	the	
28	NATO	
29	line	nsp
30	.	
		
1	On	
2	the	
3	negative	
4	side	
5	of	
6	the	
7	balance	
8	sheet	
9	must	
10	be	
11	set	
12	some	
13	disappointment	
14	that	
15	the	
16	United	
17	States	
18	leadership	
19	has	
20	not	
21	been	
22	as	
23	much	
24	in	
25	evidence	
26	as	
27	hoped	
28	for	nsp
29	.	
		
1	One	
2	diplomat	
3	described	
4	the	
5	tenor	
6	of	
7	Secretary	
8	of	
9	State	
10	Dean	
11	Rusk	nsp
12	's	
13	speeches	
14	as	
15	"	nsp
16	inconclusive	nsp
17	"	nsp
18	.	
		
1	But	
2	he	
3	hastened	
4	to	
5	add	
6	that	nsp
7	,	
8	if	
9	United	
10	States	
11	policies	
12	were	
13	not	
14	always	
15	clear	nsp
16	,	
17	despite	
18	Mr.	
19	Rusk	nsp
20	's	
21	analysis	
22	of	
23	the	
24	various	
25	global	
26	danger	
27	points	
28	and	
29	setbacks	
30	for	
31	the	
32	West	nsp
33	,	
34	this	
35	may	
36	merely	
37	mean	
38	the	
39	new	
40	administration	
41	has	
42	not	
43	yet	
44	firmly	
45	fixed	
46	its	
47	policy	nsp
48	.	
		
1	EXPLORATORY	
2	MOOD	
		
1	A	
2	certain	
3	vagueness	
4	may	
5	also	
6	be	
7	caused	
8	by	
9	tactical	
10	appreciation	
11	of	
12	the	
13	fact	
14	that	
15	the	
16	present	
17	council	
18	meeting	
19	is	
20	a	
21	semipublic	
22	affair	nsp
23	,	
24	with	
25	no	
26	fewer	
27	than	
28	six	
29	Soviet	
30	correspondents	
31	accredited	nsp
32	.	
		
1	The	
2	impression	
3	has	
4	nevertheless	
5	been	
6	given	
7	during	
8	these	
9	three	
10	days	nsp
11	,	
12	despite	
13	Mr.	
14	Rusk	nsp
15	's	
16	personal	
17	popularity	nsp
18	,	
19	that	
20	the	
21	United	
22	States	
23	delegation	
24	came	
25	to	
26	Oslo	
27	in	
28	a	
29	somewhat	
30	tentative	
31	and	
32	exploratory	
33	frame	
34	of	
35	mind	nsp
36	,	
37	more	
38	ready	
39	to	
40	listen	
41	and	
42	learn	
43	than	
44	to	
45	enunciate	
46	firm	
47	policy	
48	on	
49	a	
50	global	
51	scale	
52	with	
53	detailed	
54	application	
55	to	
56	individual	
57	danger	
58	spots	nsp
59	.	
		
1	The	
2	Secretary	
3	of	
4	State	
5	himself	nsp
6	,	
7	in	
8	his	
9	first	
10	speech	nsp
11	,	
12	gave	
13	some	
14	idea	
15	of	
16	the	
17	tremendous	
18	march	
19	of	
20	events	
21	inside	
22	and	
23	outside	
24	the	
25	United	
26	States	
27	that	
28	has	
29	preoccupied	
30	the	
31	new	
32	administration	
33	in	
34	the	
35	past	
36	four	
37	months	nsp
38	.	
		
1	But	
2	where	
3	the	
4	core	
5	of	
6	NATO	
7	is	
8	concerned	nsp
9	,	
10	the	
11	Secretary	
12	of	
13	State	
14	has	
15	not	
16	only	
17	reiterated	
18	the	
19	United	
20	States	nsp
21	'	
22	profound	
23	attachment	
24	to	
25	the	
26	alliance	nsp
27	,	
28	"	nsp
29	cornerstone	nsp
30	"	
31	of	
32	its	
33	foreign	
34	policy	nsp
35	,	
36	but	
37	has	
38	announced	
39	that	
40	five	
41	nuclear	
42	submarines	
43	will	
44	eventually	
45	be	
46	at	
47	NATO	nsp
48	's	
49	disposal	
50	in	
51	European	
52	waters	nsp
53	.	
		
1	The	
2	Secretary	
3	of	
4	State	
5	has	
6	also	
7	solemnly	
8	repeated	
9	a	
10	warning	
11	to	
12	the	
13	Soviet	
14	Union	
15	that	
16	the	
17	United	
18	States	
19	will	
20	not	
21	stand	
22	for	
23	another	
24	setback	
25	in	
26	Berlin	nsp
27	,	
28	an	
29	affirmation	
30	once	
31	again	
32	taken	
33	up	
34	by	
35	the	
36	council	
37	as	
38	a	
39	whole	nsp
40	.	
		
1	CONFLICT	
2	SURVEYED	
		
1	The	
2	secretary	nsp
3	's	
4	greatest	
5	achievement	
6	is	
7	perhaps	
8	the	
9	rekindling	
10	of	
11	NATO	
12	realization	
13	that	
14	East	nsp
15	-	nsp
16	West	
17	friction	nsp
18	,	
19	wherever	
20	it	
21	take	
22	place	
23	around	
24	the	
25	globe	nsp
26	,	
27	is	
28	in	
29	essence	
30	the	
31	general	
32	conflict	
33	between	
34	two	
35	entirely	
36	different	
37	societies	nsp
38	,	
39	and	
40	must	
41	be	
42	treated	
43	as	
44	such	
45	without	
46	regard	
47	to	
48	geographical	
49	distance	
50	or	
51	lack	
52	of	
53	apparent	
54	connection	nsp
55	.	
		
1	The	
2	annual	
3	spring	
4	meeting	
5	has	
6	given	
7	an	
8	impetus	
9	in	
10	three	
11	main	
12	directions	nsp
13	:	
14	more	nsp
15	,	
16	deeper	nsp
17	,	
18	and	
19	more	
20	timely	
21	political	
22	consultation	
23	within	
24	the	
25	alliance	nsp
26	,	
27	the	
28	use	
29	of	
30	the	
31	Organization	
32	for	
33	Economic	
34	Cooperation	
35	and	
36	Development	
37	(	nsp
38	when	
39	ratified	nsp
40	)	
41	as	
42	a	
43	method	
44	of	
45	coordinating	
46	aid	
47	to	
48	the	
49	underdeveloped	
50	countries	nsp
51	,	
52	and	
53	the	
54	need	
55	for	
56	strengthening	
57	conventional	
58	forces	
59	as	
60	well	
61	as	
62	the	
63	maintenance	
64	of	
65	the	
66	nuclear	
67	deterrent	nsp
68	.	
		
1	This	
2	increase	
3	in	
4	the	
5	"	nsp
6	threshold	nsp
7	"	nsp
8	,	
9	as	
10	the	
11	conventional	
12	forces	
13	strengthening	
14	is	
15	called	nsp
16	,	
17	will	
18	prove	
19	one	
20	of	
21	the	
22	alliance	nsp
23	's	
24	most	
25	difficult	
26	problems	
27	in	
28	the	
29	months	
30	to	
31	come	nsp
32	.	
		
1	Each	
2	ally	
3	will	
4	have	
5	to	
6	carry	
7	out	
8	obligations	
9	long	
10	since	
11	laid	
12	down	nsp
13	,	
14	but	
15	never	
16	completely	
17	fulfilled	nsp
18	.	
		
1	WASHINGTON	
		
1	The	
2	Kennedy	
3	administration	
4	moves	
5	haltingly	
6	toward	
7	a	
8	Geneva	
9	conference	
10	on	
11	Laos	
12	just	
13	as	
14	serious	
15	debate	
16	over	
17	its	
18	foreign	
19	policy	
20	erupts	
21	for	
22	the	
23	first	
24	time	nsp
25	.	
		
1	There	
2	is	
3	little	
4	optimism	
5	here	
6	that	
7	the	
8	Communists	
9	will	
10	be	
11	any	
12	more	
13	docile	
14	at	
15	the	
16	conference	
17	table	
18	than	
19	they	
20	were	
21	in	
22	military	
23	actions	
24	on	
25	the	
26	ground	
27	in	
28	Laos	nsp
29	.	
		
1	The	
2	United	
3	States	nsp
4	,	
5	State	
6	Department	
7	officials	
8	explain	nsp
9	,	
10	now	
11	is	
12	mainly	
13	interested	
14	in	
15	setting	
16	up	
17	an	
18	international	
19	inspection	
20	system	
21	which	
22	will	
23	prevent	
24	Laos	
25	from	
26	being	
27	used	
28	as	
29	a	
30	base	
31	for	
32	Communist	
33	attacks	
34	on	
35	neighboring	
36	Thailand	
37	and	
38	South	
39	Viet	
40	Nam	nsp
41	.	
		
1	They	
2	count	
3	on	
4	the	
5	aid	
6	of	
7	the	
8	neutral	
9	countries	
10	attending	
11	the	
12	Geneva	
13	conference	
14	to	
15	achieve	
16	this	nsp
17	.	
		
1	The	
2	United	
3	States	
4	hopes	
5	that	
6	any	
7	future	
8	Lao	
9	Cabinet	
10	would	
11	not	
12	become	
13	Communist	
14	dominated	nsp
15	.	
		
1	But	
2	it	
3	is	
4	apparent	
5	that	
6	no	
7	acceptable	
8	formula	
9	has	
10	been	
11	found	
12	to	
13	prevent	
14	such	
15	a	
16	possibility	nsp
17	.	
		
1	POLICIES	
2	MODIFIED	
		
1	The	
2	inclination	
3	here	
4	is	
5	to	
6	accept	
7	a	
8	de	
9	facto	
10	cease-fire	
11	in	
12	Laos	nsp
13	,	
14	rather	
15	than	
16	continue	
17	to	
18	insist	
19	on	
20	a	
21	verification	
22	of	
23	the	
24	cease-fire	
25	by	
26	the	
27	international	
28	control	
29	commission	
30	before	
31	participating	
32	in	
33	the	
34	Geneva	
35	conference	nsp
36	.	
		
1	This	
2	is	
3	another	
4	of	
5	the	
6	modifications	
7	of	
8	policy	
9	on	
10	Laos	
11	that	
12	the	
13	Kennedy	
14	administration	
15	has	
16	felt	
17	compelled	
18	to	
19	make	nsp
20	.	
		
1	It	
2	excuses	
3	these	
4	actions	
5	as	
6	being	
7	the	
8	chain	
9	reaction	
10	to	
11	basic	
12	errors	
13	made	
14	in	
15	the	
16	previous	
17	administration	nsp
18	.	
		
1	Its	
2	spokesmen	
3	insist	
4	that	
5	there	
6	has	
7	not	
8	been	
9	time	
10	enough	
11	to	
12	institute	
13	reforms	
14	in	
15	military	
16	and	
17	economic	
18	aid	
19	policies	
20	in	
21	the	
22	critical	
23	areas	nsp
24	.	
		
1	But	
2	with	
3	the	
4	months	
5	moving	
6	on	
7	--	
8	and	
9	the	
10	immediate	
11	confrontations	
12	with	
13	the	
14	Communists	
15	showing	
16	no	
17	gain	
18	for	
19	the	
20	free	
21	world	
22	--	
23	the	
24	question	
25	arises	nsp
26	:	
		
1	How	
2	effective	
3	have	
4	Kennedy	
5	administration	
6	first	
7	foreign	
8	policy	
9	decisions	
10	been	
11	in	
12	dealing	
13	with	
14	Communist	
15	aggression	nsp
16	?	
		
1	Former	
2	Vice	nsp
3	-	nsp
4	President	
5	Richard	
6	M.	
7	Nixon	
8	in	
9	Detroit	
10	called	
11	for	
12	a	
13	firmer	
14	and	
15	tougher	
16	policy	
17	toward	
18	the	
19	Soviet	
20	Union	nsp
21	.	
		
1	He	
2	was	
3	critical	
4	of	
5	what	
6	he	
7	feels	
8	is	
9	President	
10	Kennedy	nsp
11	's	
12	tendency	
13	to	
14	be	
15	too	
16	conciliatory	nsp
17	.	
		
1	GOP	
2	RESTRAINED	
		
1	It	
2	does	
3	not	
4	take	
5	a	
6	Gallup	
7	poll	
8	to	
9	find	
10	out	
11	that	
12	most	
13	Republicans	
14	in	
15	Congress	
16	feel	
17	this	
18	understates	
19	the	
20	situation	
21	as	
22	Republicans	
23	see	
24	it	nsp
25	.	
		
1	They	
2	can	
3	hardly	
4	restrain	
5	themselves	
6	from	
7	raising	
8	the	
9	question	
10	of	
11	whether	
12	Republicans	nsp
13	,	
14	if	
15	they	
16	had	
17	been	
18	in	
19	power	nsp
20	,	
21	would	
22	have	
23	made	
24	"	nsp
25	amateurish	
26	and	
27	monumental	
28	blunders	nsp
29	"	
30	in	
31	Cuba	nsp
32	.	
		
1	One	
2	Republican	
3	senator	
4	told	
5	this	
6	correspondent	
7	that	
8	he	
9	was	
10	constantly	
11	being	
12	asked	
13	why	
14	he	
15	did	nsp
16	n't	
17	attack	
18	the	
19	Kennedy	
20	administration	
21	on	
22	this	
23	score	nsp
24	.	
		
1	His	
2	reply	nsp
3	,	
4	he	
5	said	nsp
6	,	
7	was	
8	that	
9	he	
10	agreed	
11	to	
12	the	
13	need	
14	for	
15	unity	
16	in	
17	the	
18	country	
19	now	nsp
20	.	
		
1	But	
2	he	
3	further	
4	said	
5	that	
6	it	
7	was	
8	better	
9	politics	
10	to	
11	let	
12	others	
13	question	
14	the	
15	wisdom	
16	of	
17	administration	
18	policies	
19	first	nsp
20	.	
		
1	The	
2	Republicans	
3	some	
4	weeks	
5	ago	
6	served	
7	notice	
8	through	
9	Senator	
10	Thruston	
11	B.	
12	Morton	
13	(	nsp
14	R	nsp
15	)	
16	of	
17	Kentucky	nsp
18	,	
19	chairman	
20	of	
21	the	
22	Republican	
23	National	
24	Committee	nsp
25	,	
26	that	
27	the	
28	Kennedy	
29	administration	
30	would	
31	be	
32	held	
33	responsible	
34	if	
35	the	
36	outcome	
37	in	
38	Laos	
39	was	
40	a	
41	coalition	
42	government	
43	susceptible	
44	of	
45	Communist	
46	domination	nsp
47	.	
		
1	Kennedy	
2	administration	
3	policies	
4	also	
5	have	
6	been	
7	assailed	
8	now	
9	from	
10	another	
11	direction	
12	by	
13	70	
14	Harvard	nsp
15	,	
16	Boston	
17	University	nsp
18	,	
19	Brandeis	nsp
20	,	
21	and	
22	Massachusetts	
23	Institute	
24	of	
25	Technology	
26	educators	nsp
27	.	
		
1	DETENTE	
2	URGED	
		
1	This	
2	group	
3	pleads	
4	with	
5	the	
6	administration	
7	to	
8	"	nsp
9	give	
10	no	
11	further	
12	support	
13	for	
14	the	
15	invasion	
16	of	
17	Cuba	
18	by	
19	exile	
20	groups	nsp
21	"	nsp
22	.	
		
1	It	
2	recommends	
3	that	
4	the	
5	United	
6	States	
7	"	nsp
8	seek	
9	instead	
10	to	
11	detach	
12	the	
13	Castro	
14	regime	
15	from	
16	the	
17	Communist	
18	bloc	
19	by	
20	working	
21	for	
22	a	
23	diplomatic	
24	detente	
25	and	
26	a	
27	resumption	
28	of	
29	trade	
30	relations	nsp
31	;	
32	and	
33	concentrate	
34	its	
35	constructive	
36	efforts	
37	on	
38	eliminating	
39	in	
40	other	
41	parts	
42	of	
43	Latin	
44	America	
45	the	
46	social	
47	conditions	
48	on	
49	which	
50	totalitarian	
51	nationalism	
52	feeds	nsp
53	"	nsp
54	.	
		
1	Mr.	
2	Nixon	nsp
3	,	
4	for	
5	his	
6	part	nsp
7	,	
8	would	
9	oppose	
10	intervention	
11	in	
12	Cuba	
13	without	
14	specific	
15	provocation	nsp
16	.	
		
1	But	
2	he	
3	did	
4	recommend	
5	that	
6	President	
7	Kennedy	
8	state	
9	clearly	
10	that	
11	if	
12	Communist	
13	countries	
14	shipped	
15	any	
16	further	
17	arms	
18	to	
19	Cuba	
20	that	
21	it	
22	would	
23	not	
24	be	
25	tolerated	nsp
26	.	
		
1	Until	
2	the	
3	Cuban	
4	fiasco	
5	and	
6	the	
7	Communist	
8	military	
9	victories	
10	in	
11	Laos	nsp
12	,	
13	almost	
14	any	
15	observer	
16	would	
17	have	
18	said	
19	that	
20	President	
21	Kennedy	
22	had	
23	blended	
24	a	
25	program	
26	that	
27	respected	nsp
28	,	
29	generally	nsp
30	,	
31	the	
32	opinions	
33	voiced	
34	both	
35	by	
36	Mr.	
37	Nixon	
38	and	
39	the	
40	professors	nsp
41	.	
		
1	AID	
2	PLANS	
3	REVAMPED	
		
1	Very	
2	early	
3	in	
4	his	
5	administration	
6	he	
7	informed	
8	the	
9	Kremlin	
10	through	
11	diplomatic	
12	channels	nsp
13	,	
14	a	
15	high	
16	official	
17	source	
18	disclosed	nsp
19	,	
20	that	
21	the	
22	new	
23	administration	
24	would	
25	react	
26	even	
27	tougher	
28	than	
29	the	
30	Eisenhower	
31	administration	
32	would	
33	during	
34	the	
35	formative	
36	period	
37	of	
38	the	
39	administration	nsp
40	.	
		
1	Strenuous	
2	efforts	
3	were	
4	made	
5	to	
6	remove	
7	pin	
8	pricking	
9	from	
10	administration	
11	statements	nsp
12	.	
		
1	Policies	
2	on	
3	nuclear	
4	test	
5	ban	
6	negotiations	
7	were	
8	reviewed	
9	and	
10	changed	nsp
11	.	
		
1	But	
2	thus	
3	far	
4	there	
5	has	
6	been	
7	no	
8	response	
9	in	
10	kind	nsp
11	.	
		
1	Foreign	
2	aid	
3	programs	
4	were	
5	revamped	
6	to	
7	give	
8	greater	
9	emphasis	
10	to	
11	economic	
12	aid	
13	and	
14	to	
15	encourage	
16	political	
17	reform	
18	in	
19	recipient	
20	nations	nsp
21	.	
		
1	In	
2	Laos	nsp
3	,	
4	the	
5	administration	
6	looked	
7	at	
8	the	
9	Eisenhower	
10	administration	
11	efforts	
12	to	
13	show	
14	determination	
15	by	
16	sailing	
17	a	
18	naval	
19	fleet	
20	into	
21	Southeast	
22	Asian	
23	waters	
24	as	
25	a	
26	useless	
27	gesture	nsp
28	.	
		
1	Again	
2	and	
3	again	
4	it	
5	asked	
6	the	
7	Communists	
8	to	
9	"	nsp
10	freeze	nsp
11	"	
12	the	
13	military	
14	situation	
15	in	
16	Laos	nsp
17	.	
		
1	But	
2	the	
3	Communists	
4	aided	
5	the	
6	Pathet	
7	Lao	
8	at	
9	an	
10	even	
11	faster	
12	rate	nsp
13	.	
		
1	And	
2	after	
3	several	
4	correspondents	
5	went	
6	into	
7	Pathet	
8	Lao	
9	territory	
10	and	
11	exposed	
12	the	
13	huge	
14	build	nsp
15	-	nsp
16	up	nsp
17	,	
18	administration	
19	spokesmen	
20	acclaimed	
21	them	
22	for	
23	performing	
24	a	
25	"	nsp
26	great	
27	service	nsp
28	"	
29	and	
30	laid	
31	the	
32	matter	
33	before	
34	the	
35	Southeast	
36	Asia	
37	Treaty	
38	Organization	nsp
39	.	
		
1	SEATO	
2	was	
3	steamed	
4	up	
5	and	
6	prepared	
7	contingency	
8	plans	
9	for	
10	coping	
11	with	
12	the	
13	military	
14	losses	
15	in	
16	Laos	nsp
17	.	
		
1	But	
2	the	
3	Communists	
4	never	
5	gave	
6	sufficient	
7	provocation	
8	at	
9	any	
10	one	
11	time	
12	for	
13	the	
14	United	
15	States	
16	to	
17	want	
18	to	
19	risk	
20	a	
21	limited	
22	or	
23	an	
24	all-out	
25	war	
26	over	
27	Laos	nsp
28	.	
		
1	(	nsp
2	Some	
3	SEATO	
4	nations	
5	disagreed	nsp
6	,	
7	however	nsp
8	.	
		
1	)	
		
1	There	
2	was	
3	the	
4	further	
5	complication	
6	that	
7	the	
8	administration	
9	had	
10	very	
11	early	
12	concluded	
13	that	
14	Laos	
15	was	
16	ill	
17	suited	
18	to	
19	be	
20	an	
21	ally	nsp
22	,	
23	unlike	
24	its	
25	more	
26	determined	
27	neighbors	nsp
28	,	
29	Thailand	
30	and	
31	South	
32	Viet	
33	Nam	nsp
34	.	
		
1	The	
2	administration	
3	declared	
4	itself	
5	in	
6	favor	
7	of	
8	a	
9	neutralized	
10	Laos	nsp
11	.	
		
1	The	
2	pro	nsp
3	-	nsp
4	Western	
5	government	nsp
6	,	
7	which	
8	the	
9	United	
10	States	
11	had	
12	helped	
13	in	
14	a	
15	revolt	
16	against	
17	the	
18	Souvanna	
19	Phouma	
20	"	nsp
21	neutralist	nsp
22	"	
23	government	nsp
24	,	
25	never	
26	did	
27	appear	
28	to	
29	spark	
30	much	
31	fighting	
32	spirit	
33	in	
34	the	
35	Royal	
36	Lao	
37	Army	nsp
38	.	
		
1	There	
2	certainly	
3	was	
4	not	
5	any	
6	more	
7	energy	
8	displayed	
9	after	
10	it	
11	was	
12	clear	
13	the	
14	United	
15	States	
16	would	
17	not	
18	back	
19	the	
20	pro	nsp
21	-	nsp
22	Western	
23	government	
24	to	
25	the	
26	hilt	nsp
27	.	
		
1	If	
2	the	
3	administration	
4	ever	
5	had	
6	any	
7	ideas	
8	that	
9	it	
10	could	
11	find	
12	an	
13	acceptable	
14	alternative	
15	to	
16	Prince	
17	Souvanna	
18	Phouma	nsp
19	,	
20	whom	
21	it	
22	felt	
23	was	
24	too	
25	trusting	
26	of	
27	Communists	nsp
28	,	
29	it	
30	gradually	
31	had	
32	to	
33	relinquish	
34	them	nsp
35	.	
		
1	One	
2	factor	
3	was	
4	the	
5	statement	
6	of	
7	Senator	
8	J.	
9	W.	
10	Fulbright	
11	(	nsp
12	D	nsp
13	)	
14	of	
15	Arkansas	nsp
16	,	
17	chairman	
18	of	
19	the	
20	Senate	
21	Foreign	
22	Relations	
23	Committee	nsp
24	.	
		
1	He	
2	declared	
3	on	
4	March	
5	25	
6	that	
7	the	
8	United	
9	States	
10	had	
11	erred	
12	a	
13	year	
14	and	
15	a	
16	half	
17	ago	
18	by	
19	"	nsp
20	encouraging	
21	the	
22	removal	nsp
23	"	
24	of	
25	Prince	
26	Souvanna	nsp
27	.	
		
1	WASHINGTON	
		
1	The	
2	White	
3	House	
4	is	
5	taking	
6	extraordinary	
7	steps	
8	to	
9	check	
10	the	
11	rapid	
12	growth	
13	of	
14	juvenile	
15	delinquency	
16	in	
17	the	
18	United	
19	States	nsp
20	.	
		
1	The	
2	President	
3	is	
4	deeply	
5	concerned	
6	over	
7	this	
8	problem	
9	and	
10	its	
11	effect	
12	upon	
13	the	
14	"	nsp
15	vitality	
16	of	
17	the	
18	nation	nsp
19	"	nsp
20	.	
		
1	In	
2	an	
3	important	
4	assertion	
5	of	
6	national	
7	leadership	
8	in	
9	this	
10	field	nsp
11	,	
12	he	
13	has	
14	issued	
15	an	
16	executive	
17	order	
18	establishing	
19	the	
20	President	nsp
21	's	
22	committee	
23	on	
24	Juvenile	
25	Delinquency	
26	and	
27	Crime	nsp
28	,	
29	to	
30	be	
31	supported	
32	and	
33	assisted	
34	by	
35	a	
36	Citizens	
37	Advisory	
38	Council	
39	of	
40	recognized	
41	authorities	
42	on	
43	juvenile	
44	problems	nsp
45	.	
		
1	The	
2	President	
3	asks	
4	the	
5	support	
6	and	
7	cooperation	
8	of	
9	Congress	
10	in	
11	his	
12	efforts	
13	through	
14	the	
15	enactment	
16	of	
17	legislation	
18	to	
19	provide	
20	federal	
21	grants	
22	to	
23	states	
24	for	
25	specified	
26	efforts	
27	in	
28	combating	
29	this	
30	disturbing	
31	crime	
32	trend	nsp
33	.	
		
1	OFFENSES	
2	MULTIPLY	
		
1	The	
2	President	
3	has	
4	also	
5	called	
6	upon	
7	the	
8	Attorney	
9	General	nsp
10	,	
11	the	
12	Secretary	
13	of	
14	Health	nsp
15	,	
16	Education	
17	and	
18	Welfare	nsp
19	,	
20	and	
21	the	
22	Secretary	
23	of	
24	Labor	
25	to	
26	coordinate	
27	their	
28	efforts	
29	"	nsp
30	in	
31	the	
32	development	
33	of	
34	a	
35	program	
36	of	
37	federal	
38	leadership	
39	to	
40	assist	
41	states	
42	and	
43	local	
44	communities	
45	in	
46	their	
47	efforts	
48	to	
49	cope	
50	with	
51	the	
52	problem	nsp
53	.	
		
1	Simultaneously	
2	the	
3	President	
4	announced	
5	Thursday	
6	the	
7	appointment	
8	of	
9	David	
10	L.	
11	Hackett	nsp
12	,	
13	a	
14	special	
15	assistant	
16	ot	
17	the	
18	Attorney	
19	General	nsp
20	,	
21	as	
22	executive	
23	director	
24	of	
25	the	
26	new	
27	Committee	
28	on	
29	Juvenile	
30	Delinquency	
31	and	
32	Youth	
33	Crime	nsp
34	.	
		
1	His	
2	sense	
3	of	
4	urgency	
5	in	
6	this	
7	matter	
8	stems	
9	from	
10	the	
11	fact	
12	that	
13	court	
14	cases	
15	ond	
16	juvenile	
17	arrests	
18	have	
19	more	
20	than	
21	doubled	
22	since	
23	1948	nsp
24	,	
25	each	
26	year	
27	showing	
28	an	
29	increase	
30	in	
31	offenders	nsp
32	.	
		
1	Among	
2	arrests	
3	reported	
4	by	
5	the	
6	Federal	
7	Bureau	
8	of	
9	Investigation	
10	in	
11	1959	nsp
12	,	
13	about	
14	half	
15	for	
16	burglary	
17	and	
18	larceny	
19	involved	
20	persons	
21	under	
22	18	
23	years	
24	of	
25	age	nsp
26	.	
		
1	East	
2	Providence	
3	should	
4	organize	
5	its	
6	civil	
7	defense	
8	setup	
9	and	
10	begin	
11	by	
12	appointing	
13	a	
14	full	nsp
15	-	nsp
16	time	
17	director	nsp
18	,	
19	Raymond	
20	H.	
21	Hawksley	nsp
22	,	
23	the	
24	present	
25	city	
26	CD	
27	head	nsp
28	,	
29	believes	nsp
30	.	
		
1	Mr.	
2	Hawksley	
3	said	
4	yesterday	
5	he	
6	would	
7	be	
8	willing	
9	to	
10	go	
11	before	
12	the	
13	city	
14	council	
15	"	nsp
16	or	
17	anyone	
18	else	
19	locally	nsp
20	"	
21	to	
22	outline	
23	his	
24	proposal	
25	at	
26	the	
27	earliest	
28	possible	
29	time	nsp
30	.	
		
1	East	
2	Providence	
3	now	
4	has	
5	no	
6	civil	
7	defense	
8	program	nsp
9	.	
		
1	Mr.	
2	Hawksley	nsp
3	,	
4	the	
5	state	nsp
6	's	
7	general	
8	treasurer	nsp
9	,	
10	has	
11	been	
12	a	
13	part	nsp
14	-	nsp
15	time	
16	CD	
17	director	
18	in	
19	the	
20	city	
21	for	
22	the	
23	last	
24	nine	
25	years	nsp
26	.	
		
1	He	
2	is	
3	not	
4	interested	
5	in	
6	being	
7	named	
8	a	
9	full	nsp
10	-	nsp
11	time	
12	director	nsp
13	.	
		
1	Noting	
2	that	
3	President	
4	Kennedy	
5	has	
6	handed	
7	the	
8	Defense	
9	Department	
10	the	
11	major	
12	responsibility	
13	for	
14	the	
15	nation	nsp
16	's	
17	civil	
18	defense	
19	program	nsp
20	,	
21	Mr.	
22	Hawksley	
23	said	
24	the	
25	federal	
26	government	
27	would	
28	pay	
29	half	
30	the	
31	salary	
32	of	
33	a	
34	full	nsp
35	-	nsp
36	time	
37	local	
38	director	nsp
39	.	
		
1	He	
2	expressed	
3	the	
4	opinion	
5	the	
6	city	
7	could	
8	hire	
9	a	
10	CD	
11	director	
12	for	
13	about	
14	$	nsp
15	3,500	
16	a	
17	year	
18	and	
19	would	
20	only	
21	have	
22	to	
23	put	
24	up	
25	half	
26	that	
27	amount	
28	on	
29	a	
30	matching	
31	fund	
32	basis	
33	to	
34	defray	
35	the	
36	salary	
37	costs	nsp
38	.	
		
1	Mr.	
2	Hawksley	
3	said	
4	he	
5	believed	
6	there	
7	are	
8	a	
9	number	
10	of	
11	qualified	
12	city	
13	residents	
14	who	
15	would	
16	be	
17	willing	
18	to	
19	take	
20	the	
21	full	nsp
22	-	nsp
23	time	
24	CD	
25	job	nsp
26	.	
		
1	One	
2	of	
3	these	
4	men	
5	is	
6	former	
7	Fire	
8	Chief	
9	John	
10	A.	
11	Laughlin	nsp
12	,	
13	he	
14	said	nsp
15	.	
		
1	Along	
2	with	
3	a	
4	director	nsp
5	,	
6	the	
7	city	
8	should	
9	provide	
10	a	
11	CD	
12	headquarters	
13	so	
14	that	
15	pertinent	
16	information	
17	about	
18	the	
19	local	
20	organization	
21	would	
22	be	
23	centralized	nsp
24	.	
25	Mr.	
26	Hawksley	
27	said	nsp
28	.	
		
1	One	
2	advantage	
3	that	
4	would	
5	come	
6	to	
7	the	
8	city	
9	in	
10	having	
11	a	
12	full	nsp
13	-	nsp
14	time	
15	director	nsp
16	,	
17	he	
18	said	nsp
19	,	
20	is	
21	that	
22	East	
23	Providence	
24	would	
25	become	
26	eligible	
27	to	
28	apply	
29	to	
30	the	
31	federal	
32	government	
33	for	
34	financial	
35	aid	
36	in	
37	purchasing	
38	equipment	
39	needed	
40	for	
41	a	
42	sound	
43	civil	
44	defense	
45	program	nsp
46	.	
		
1	Matching	
2	funds	
3	also	
4	can	
5	be	
6	obtained	
7	for	
8	procurement	
9	of	
10	such	
11	items	
12	as	
13	radios	nsp
14	,	
15	sirens	
16	and	
17	rescue	
18	trucks	nsp
19	,	
20	he	
21	said	nsp
22	.	
		
1	Mr.	
2	Hawksley	
3	believes	
4	that	
5	East	
6	Providence	
7	could	
8	use	
9	two	
10	more	
11	rescue	
12	trucks	nsp
13	,	
14	similar	
15	to	
16	the	
17	CD	
18	vehicle	
19	obtained	
20	several	
21	years	
22	ago	
23	and	
24	now	
25	detailed	
26	to	
27	the	
28	Central	
29	Fire	
30	Station	nsp
31	.	
		
1	He	
2	would	
3	assign	
4	one	
5	of	
6	the	
7	rescue	
8	trucks	
9	to	
10	the	
11	Riverside	
12	section	
13	of	
14	the	
15	city	
16	and	
17	the	
18	other	
19	to	
20	the	
21	Rumford	
22	area	nsp
23	.	
		
1	Speaking	
2	of	
3	the	
4	present	
5	status	
6	of	
7	civil	
8	defense	
9	in	
10	the	
11	city	nsp
12	,	
13	Mr.	
14	Hawksley	
15	said	
16	he	
17	would	
18	be	
19	willing	
20	to	
21	bet	
22	that	
23	not	
24	more	
25	than	
26	one	
27	person	
28	in	
29	a	
30	hundred	
31	would	
32	know	
33	what	
34	to	
35	do	
36	or	
37	where	
38	to	
39	go	
40	in	
41	the	
42	event	
43	of	
44	an	
45	enemy	
46	attack	nsp
47	.	
		
1	The	
2	Narragansett	
3	Race	
4	Track	
5	grounds	
6	is	
7	one	
8	assembly	
9	point	nsp
10	,	
11	he	
12	said	nsp
13	,	
14	and	
15	a	
16	drive	nsp
17	-	nsp
18	in	
19	theater	
20	in	
21	Seekonk	
22	would	
23	be	
24	another	nsp
25	.	
		
1	Riverside	
2	residents	
3	would	
4	go	
5	to	
6	the	
7	Seekonk	
8	assembly	
9	point	nsp
10	.	
		
1	Mr.	
2	Hawksley	
3	said	
4	he	
5	was	
6	not	
7	critical	
8	of	
9	city	
10	residents	
11	for	
12	not	
13	knowing	
14	what	
15	to	
16	do	
17	or	
18	where	
19	to	
20	assemble	
21	in	
22	case	
23	of	
24	an	
25	air	
26	attack	nsp
27	.	
		
1	Such	
2	vital	
3	information	nsp
4	,	
5	he	
6	said	nsp
7	,	
8	has	
9	to	
10	be	
11	made	
12	available	
13	to	
14	the	
15	public	
16	frequently	
17	and	
18	at	
19	regular	
20	intervals	
21	for	
22	residents	
23	to	
24	know	nsp
25	.	
		
1	If	
2	the	
3	city	
4	council	
5	fails	
6	to	
7	consider	
8	appointment	
9	of	
10	a	
11	full	nsp
12	-	nsp
13	time	
14	CD	
15	director	nsp
16	,	
17	Mr.	
18	Hawksley	
19	said	nsp
20	,	
21	then	
22	he	
23	plans	
24	to	
25	call	
26	a	
27	meeting	
28	early	
29	in	
30	September	
31	so	
32	that	
33	a	
34	civil	
35	defense	
36	organization	
37	will	
38	be	
39	developed	
40	locally	nsp
41	.	
		
1	One	
2	of	
3	the	
4	first	
5	things	
6	he	
7	would	
8	do	nsp
9	,	
10	he	
11	said	nsp
12	,	
13	would	
14	be	
15	to	
16	organize	
17	classes	
18	in	
19	first	
20	aid	nsp
21	.	
		
1	Other	
2	steps	
3	would	
4	be	
5	developed	
6	after	
7	information	
8	drifts	
9	down	
10	to	
11	the	
12	local	
13	level	
14	from	
15	the	
16	federal	
17	government	nsp
18	.	
		
1	Rhode	
2	Island	
3	is	
4	going	
5	to	
6	examine	
7	its	
8	Sunday	
9	sales	
10	law	
11	with	
12	possible	
13	revisions	
14	in	
15	mind	nsp
16	.	
		
1	Governor	
2	Notte	
3	said	
4	last	
5	night	
6	he	
7	plans	
8	to	
9	name	
10	a	
11	committee	
12	to	
13	make	
14	the	
15	study	
16	and	
17	come	
18	up	
19	with	
20	recommendations	
21	for	
22	possible	
23	changes	
24	in	
25	time	
26	for	
27	the	
28	next	
29	session	
30	of	
31	the	
32	General	
33	Assembly	nsp
34	.	
		
1	The	
2	governor	nsp
3	's	
4	move	
5	into	
6	the	
7	so-called	
8	"	nsp
9	blue	
10	law	nsp
11	"	
12	controversy	
13	came	
14	in	
15	the	
16	form	
17	of	
18	a	
19	letter	
20	to	
21	Miss	
22	Mary	
23	R.	
24	Grant	nsp
25	,	
26	deputy	
27	city	
28	clerk	
29	of	
30	Central	
31	Falls	nsp
32	.	
		
1	A	
2	copy	
3	was	
4	released	
5	to	
6	the	
7	press	nsp
8	.	
		
1	Mr.	
2	Notte	
3	was	
4	responding	
5	to	
6	a	
7	resolution	
8	adopted	
9	by	
10	the	
11	Central	
12	Falls	
13	City	
14	Council	
15	on	
16	July	
17	10	
18	and	
19	sent	
20	to	
21	the	
22	state	
23	house	
24	by	
25	Miss	
26	Grant	nsp
27	.	
		
1	The	
2	resolution	
3	urges	
4	the	
5	governor	
6	to	
7	have	
8	a	
9	complete	
10	study	
11	of	
12	the	
13	Sunday	
14	sales	
15	laws	
16	made	
17	with	
18	an	
19	eye	
20	to	
21	their	
22	revision	
23	at	
24	the	
25	next	
26	session	
27	of	
28	the	
29	legislature	nsp
30	.	
		
1	While	
2	the	
3	city	
4	council	
5	suggested	
6	that	
7	the	
8	Legislative	
9	Council	
10	might	
11	perform	
12	the	
13	review	nsp
14	,	
15	Mr.	
16	Notte	
17	said	
18	that	
19	instead	
20	he	
21	will	
22	take	
23	up	
24	the	
25	matter	
26	with	
27	Atty.	
28	Gen.	
29	J.	
30	Joseph	
31	Nugent	
32	to	
33	get	
34	"	nsp
35	the	
36	benefit	
37	of	
38	his	
39	views	nsp
40	"	nsp
41	.	
		
1	He	
2	will	
3	then	
4	appoint	
5	the	
6	study	
7	committee	
8	with	
9	Mr.	
10	Nugent	nsp
11	's	
12	cooperation	nsp
13	,	
14	the	
15	governor	
16	said	nsp
17	.	
		
1	"	nsp
2	I	
3	would	
4	expect	
5	the	
6	proposed	
7	committee	
8	to	
9	hold	
10	public	
11	hearings	nsp
12	"	nsp
13	,	
14	Mr.	
15	Notte	
16	said	nsp
17	,	
18	"	nsp
19	to	
20	obtain	
21	the	
22	views	
23	of	
24	the	
25	general	
26	public	
27	and	
28	religious	nsp
29	,	
30	labor	
31	and	
32	special	nsp
33	-	nsp
34	interest	
35	groups	
36	affected	
37	by	
38	these	
39	laws	nsp
40	"	nsp
41	.	
		
1	The	
2	governor	
3	wrote	
4	Miss	
5	Grant	
6	that	
7	he	
8	has	
9	been	
10	concerned	
11	for	
12	some	
13	time	
14	"	nsp
15	with	
16	the	
17	continuous	
18	problem	
19	which	
20	confronts	
21	our	
22	local	
23	and	
24	state	
25	law	
26	enforcement	
27	officers	
28	as	
29	a	
30	result	
31	of	
32	the	
33	laws	
34	regulating	
35	Sunday	
36	sales	nsp
37	"	nsp
38	.	
		
1	The	
2	attorney	
3	general	
4	has	
5	advised	
6	local	
7	police	
8	that	
9	it	
10	is	
11	their	
12	duty	
13	to	
14	enforce	
15	the	
16	blue	
17	laws	nsp
18	.	
		
1	Should	
2	there	
3	be	
4	evidence	
5	they	
6	are	
7	shirking	nsp
8	,	
9	he	
10	has	
11	said	nsp
12	,	
13	the	
14	state	
15	police	
16	will	
17	step	
18	into	
19	the	
20	situation	nsp
21	.	
		
1	There	
2	has	
3	been	
4	more	
5	activity	
6	across	
7	the	
8	state	
9	line	
10	in	
11	Massachusetts	
12	than	
13	in	
14	Rhode	
15	Island	
16	in	
17	recent	
18	weeks	
19	toward	
20	enforcement	
21	of	
22	the	
23	Sunday	
24	sales	
25	laws	nsp
26	.	
		
1	The	
2	statutes	nsp
3	,	
4	similar	
5	in	
6	both	
7	the	
8	Bay	
9	State	
10	and	
11	Rhode	
12	Island	
13	and	
14	dating	
15	back	
16	in	
17	some	
18	instances	
19	to	
20	colonial	
21	times	nsp
22	,	
23	severely	
24	limit	
25	the	
26	types	
27	of	
28	merchandise	
29	that	
30	may	
31	be	
32	sold	
33	on	
34	the	
35	Sabbath	nsp
36	.	
		
1	The	
2	Central	
3	Falls	
4	City	
5	Council	
6	expressed	
7	concern	
8	especially	
9	that	
10	more	
11	foods	
12	be	
13	placed	
14	on	
15	the	
16	eligible	
17	list	
18	and	
19	that	
20	neighborhood	
21	grocery	
22	and	
23	variety	
24	stores	
25	be	
26	allowed	
27	to	
28	do	
29	business	
30	on	
31	Sunday	nsp
32	.	
		
1	The	
2	only	
3	day	
4	they	
5	"	nsp
6	have	
7	a	
8	chance	
9	to	
10	compete	
11	with	
12	large	
13	supermarkets	
14	is	
15	on	
16	Sunday	nsp
17	"	nsp
18	,	
19	the	
20	council	nsp
21	's	
22	resolution	
23	said	nsp
24	.	
		
1	The	
2	small	
3	shops	
4	"	nsp
5	must	
6	be	
7	retained	nsp
8	,	
9	for	
10	they	
11	provide	
12	essential	
13	service	
14	to	
15	the	
16	community	nsp
17	"	nsp
18	,	
19	according	
20	to	
21	the	
22	resolution	nsp
23	,	
24	which	
25	added	
26	that	
27	they	
28	"	nsp
29	also	
30	are	
31	the	
32	source	
33	of	
34	livelihood	
35	for	
36	thousands	
37	of	
38	our	
39	neighbors	nsp
40	"	nsp
41	.	
		
1	It	
2	declares	
3	that	
4	Sunday	
5	sales	
6	licenses	
7	provide	
8	"	nsp
9	great	
10	revenue	nsp
11	"	
12	to	
13	the	
14	local	
15	government	nsp
16	.	
		
1	The	
2	council	
3	advised	
4	the	
5	governor	
6	that	
7	"	nsp
8	large	
9	supermarkets	nsp
10	,	
11	factory	
12	outlets	
13	and	
14	department	
15	stores	
16	not	
17	be	
18	allowed	
19	to	
20	do	
21	business	nsp
22	"	
23	on	
24	Sunday	nsp
25	.	
		
1	They	
2	"	nsp
3	operate	
4	on	
5	a	
6	volume	
7	basis	nsp
8	"	nsp
9	,	
10	it	
11	was	
12	contended	nsp
13	,	
14	"	nsp
15	and	
16	are	
17	not	
18	essential	
19	to	
20	provide	
21	the	
22	more	
23	limited	
24	but	
25	vital	
26	shopping	
27	needs	
28	of	
29	the	
30	community	nsp
31	"	nsp
32	.	
		
1	Liberals	
2	and	
3	conservatives	
4	in	
5	both	
6	parties	
7	--	
8	Democratic	
9	and	
10	Republican	
11	--	
12	should	
13	divorce	
14	themselves	
15	and	
16	form	
17	two	
18	independent	
19	parties	nsp
20	,	
21	George	
22	H.	
23	Reama	nsp
24	,	
25	nationally	
26	known	
27	labor	nsp
28	-	nsp
29	management	
30	expert	nsp
31	,	
32	said	
33	here	
34	yesterday	nsp
35	.	
		
1	Mr.	
2	Reama	
3	told	
4	the	
5	Rotary	
6	Club	
7	of	
8	Providence	
9	at	
10	its	
11	luncheon	
12	at	
13	the	
14	Sheraton	nsp
15	-	nsp
16	Biltmore	
17	Hotel	
18	that	
19	about	
20	half	
21	of	
22	the	
23	people	
24	in	
25	the	
26	country	
27	want	
28	the	
29	"	nsp
30	welfare	nsp
31	"	
32	type	
33	of	
34	government	
35	and	
36	the	
37	other	
38	half	
39	want	
40	a	
41	free	
42	enterprise	
43	system	nsp
44	.	
		
1	He	
2	suggested	
3	that	
4	a	
5	regrouping	
6	of	
7	forces	
8	might	
9	allow	
10	the	
11	average	
12	voter	
13	a	
14	better	
15	pull	
16	at	
17	the	
18	right	
19	lever	
20	for	
21	him	
22	on	
23	election	
24	day	nsp
25	.	
		
1	He	
2	said	
3	he	
4	was	
5	"	nsp
6	confessing	
7	that	
8	I	
9	was	
10	a	
11	member	
12	of	
13	the	
14	Socialist	
15	Party	
16	in	
17	1910	nsp
18	"	nsp
19	.	
		
1	That	nsp
2	,	
3	he	
4	added	nsp
5	,	
6	was	
7	when	
8	he	
9	was	
10	"	nsp
11	a	
12	very	
13	young	
14	man	nsp
15	,	
16	a	
17	machinist	
18	and	
19	toolmaker	
20	by	
21	trade	nsp
22	.	
		
1	"	nsp
2	That	
3	was	
4	before	
5	I	
6	studied	
7	law	nsp
8	.	
		
1	Some	
2	of	
3	my	
4	fellow	
5	workers	
6	were	
7	grooming	
8	me	
9	for	
10	an	
11	office	
12	in	
13	the	
14	Socialist	
15	Party	nsp
16	.	
		
1	The	
2	lawyer	
3	with	
4	whom	
5	I	
6	studied	
7	law	
8	steered	
9	me	
10	off	
11	the	
12	Socialist	
13	track	nsp
14	.	
		
1	He	
2	steered	
3	me	
4	to	
5	the	
6	right	
7	track	
8	--	
9	the	
10	free	
11	enterprise	
12	track	nsp
13	"	nsp
14	.	
		
1	He	
2	said	
3	that	
4	when	
5	he	
6	was	
7	a	
8	Socialist	
9	in	
10	1910	nsp
11	,	
12	the	
13	party	
14	called	
15	for	
16	government	
17	operation	
18	of	
19	all	
20	utilities	
21	and	
22	the	
23	pooling	
24	of	
25	all	
26	resources	nsp
27	.	
		
1	He	
2	suggested	
3	that	
4	without	
5	the	
6	Socialist	
7	Party	
8	ever	
9	gaining	
10	a	
11	national	
12	victory	nsp
13	,	
14	most	
15	of	
16	its	
17	original	
18	program	
19	has	
20	come	
21	to	
22	pass	
23	under	
24	both	
25	major	
26	parties	nsp
27	.	
		
1	Mr.	
2	Reama	nsp
3	,	
4	who	
5	retired	
6	as	
7	vice	
8	president	
9	of	
10	the	
11	American	
12	Screw	
13	Co.	
14	in	
15	1955	
16	said	nsp
17	,	
18	"	nsp
19	Both	
20	parties	
21	in	
22	the	
23	last	
24	election	
25	told	
26	us	
27	that	
28	we	
29	need	
30	a	
31	five	
32	per	
33	cent	
34	growth	
35	in	
36	the	
37	gross	
38	national	
39	product	
40	--	
41	but	
42	neither	
43	told	
44	us	
45	how	
46	to	
47	achieve	
48	it	nsp
49	"	nsp
50	.	
		
1	He	
2	said	
3	he	
4	favors	
5	wage	
6	increases	
7	for	
8	workers	
9	--	
10	"	nsp
11	but	
12	manufacturers	
13	are	
14	caught	
15	in	
16	a	
17	profit	
18	squeeze	nsp
19	"	
20	--	
21	and	
22	raises	
23	should	
24	only	
25	come	
26	when	
27	the	
28	public	
29	is	
30	conditioned	
31	to	
32	higher	
33	prices	nsp
34	,	
35	he	
36	added	nsp
37	.	
		
1	Indicating	
2	the	
3	way	
4	in	
5	which	
6	he	
7	has	
8	turned	
9	his	
10	back	
11	on	
12	his	
13	1910	
14	philosophy	nsp
15	,	
16	Mr.	
17	Reama	
18	said	nsp
19	:	
20	"	nsp
21	A	
22	Socialist	
23	is	
24	a	
25	person	
26	who	
27	believes	
28	in	
29	dividing	
30	everything	
31	he	
32	does	
33	not	
34	own	nsp
35	"	nsp
36	.	
		
1	Mr.	
2	Reama	nsp
3	,	
4	far	
5	from	
6	really	
7	being	
8	retired	nsp
9	,	
10	is	
11	engaged	
12	in	
13	industrial	
14	relations	
15	counseling	nsp
16	.	
		
1	A	
2	petition	
3	bearing	
4	the	
5	signatures	
6	of	
7	more	
8	than	
9	1,700	
10	Johnston	
11	taxpayers	
12	was	
13	presented	
14	to	
15	the	
16	town	
17	council	
18	last	
19	night	
20	as	
21	what	
22	is	
23	hoped	
24	will	
25	be	
26	the	
27	first	
28	step	
29	in	
30	obtaining	
31	a	
32	home	
33	rule	
34	charter	
35	for	
36	the	
37	town	nsp
38	.	
		
1	William	
2	A.	
3	Martinelli	nsp
4	,	
5	chairman	
6	of	
7	the	
8	Citizens	
9	Group	
10	of	
11	Johnston	nsp
12	,	
13	transferred	
14	the	
15	petitions	
16	from	
17	his	
18	left	
19	hand	
20	to	
21	his	
22	right	
23	hand	
24	after	
25	the	
26	council	
27	voted	
28	to	
29	accept	
30	them	
31	at	
32	the	
33	suggestion	
34	of	
35	Council	
36	President	
37	Raymond	
38	Fortin	
39	Sr	nsp
40	.	
		
1	The	
2	law	
3	which	
4	governs	
5	home	
6	rule	
7	charter	
8	petitions	
9	states	
10	that	
11	they	
12	must	
13	be	
14	referred	
15	to	
16	the	
17	chairman	
18	of	
19	the	
20	board	
21	of	
22	canvassers	
23	for	
24	verification	
25	of	
26	the	
27	signatures	
28	within	
29	10	
30	days	
31	and	
32	Mr.	
33	Martinelli	
34	happens	
35	to	
36	hold	
37	that	
38	post	nsp
39	.	
		
1	Mr.	
2	Martinelli	
3	explained	
4	that	
5	there	
6	should	
7	be	
8	more	
9	than	
10	enough	
11	signatures	
12	to	
13	assure	
14	the	
15	scheduling	
16	of	
17	a	
18	vote	
19	on	
20	the	
21	home	
22	rule	
23	charter	
24	and	
25	possible	
26	election	
27	of	
28	a	
29	nine	
30	member	
31	charter	
32	commission	
33	within	
34	70	
35	days	nsp
36	.	
		
1	He	
2	explained	
3	that	
4	by	
5	law	
6	the	
7	council	
8	must	
9	establish	
10	procedures	
11	for	
12	a	
13	vote	
14	on	
15	the	
16	issue	
17	within	
18	60	
19	days	
20	after	
21	the	
22	board	
23	of	
24	canvassers	
25	completes	
26	its	
27	work	nsp
28	.	
		
1	A	
2	difference	
3	of	
4	opinion	
5	arose	
6	between	
7	Mr.	
8	Martinelli	
9	and	
10	John	
11	P.	
12	Bourcier	nsp
13	,	
14	town	
15	solicitor	nsp
16	,	
17	over	
18	the	
19	exact	
20	manner	
21	in	
22	which	
23	the	
24	vote	
25	is	
26	handled	nsp
27	.	
		
1	Mr.	
2	Martinelli	
3	has	nsp
4	,	
5	in	
6	recent	
7	weeks	nsp
8	,	
9	been	
10	of	
11	the	
12	opinion	
13	that	
14	a	
15	special	
16	town	
17	meeting	
18	would	
19	be	
20	called	
21	for	
22	the	
23	vote	nsp
24	,	
25	while	
26	Mr.	
27	Bourcier	
28	said	
29	that	
30	a	
31	special	
32	election	
33	might	
34	be	
35	called	
36	instead	nsp
37	.	