1	GRECJA	_	_

1	21	_	_
2	kwietnia	_	_
3	mija	_	_
4	30	_	_
5	lat	_	_
6	od	_	_
7	dnia	nsp	_
8	,	_	_
9	gdy	_	_
10	grupa	_	_
11	wojskowych	_	_
12	obaliła	_	_
13	rząd	nsp	_
14	,	_	_
15	wprowadziła	_	_
16	stan	_	_
17	wyjątkowy	nsp	_
18	,	_	_
19	a	_	_
20	tysiące	_	_
21	przeciwników	_	_
22	wtrąciła	_	_
23	do	_	_
24	więzień	_	_

1	Demokracji	_	_
2	nie	_	_
3	wolno	_	_
4	deptać	_	_
5	bezkarnie	_	_

1	TERESA	_	_
2	STYLIŃSKA	_	_

1	-	_	_
2	Rządy	_	_
3	pułkowników	_	_
4	nigdy	_	_
5	nie	_	_
6	cieszyły	_	1:IReflV
7	się	_	1
8	sympatią	_	_
9	społeczeństwa	nsp	_
10	.	_	_

1	Dyktatura	_	_
2	opierała	_	_
3	się	_	_
4	wyłącznie	_	_
5	na	_	_
6	wojsku	nsp	_
7	,	_	_
8	no	_	_
9	i	_	_
10	miała	_	_
11	też	_	_
12	za	_	_
13	sobą	_	_
14	poparcie	_	_
15	USA	_	_
16	i	_	_
17	NATO	_	_
18	-	_	_
19	opowiada	_	_
20	Jeorjos	_	_
21	Aleksandros	_	_
22	Mangakis	nsp	_
23	,	_	_
24	niegdyś	_	_
25	członek	_	_
26	ruchu	_	_
27	oporu	_	_
28	i	_	_
29	więzień	_	_
30	polityczny	nsp	_
31	,	_	_
32	dziś	_	_
33	deputowany	_	_
34	socjalistycznej	_	_
35	partii	_	_
36	PASOK	nsp	_
37	.	_	_

1	21	_	_
2	kwietnia	_	_
3	mija	_	_
4	30	_	_
5	lat	_	_
6	od	_	_
7	dnia	nsp	_
8	,	_	_
9	gdy	_	_
10	grupa	_	_
11	wysokich	_	_
12	rangą	_	_
13	wojskowych	_	_
14	obaliła	_	_
15	rząd	_	_
16	Grecji	nsp	_
17	,	_	_
18	zawiesiła	_	_
19	konstytucję	nsp	_
20	,	_	_
21	rozwiązała	_	_
22	parlament	nsp	_
23	,	_	_
24	wprowadziła	_	_
25	stan	_	_
26	wyjątkowy	nsp	_
27	,	_	_
28	a	_	_
29	tysiące	_	_
30	przeciwników	_	_
31	wtrąciła	_	_
32	do	_	_
33	więzień	nsp	_
34	.	_	_

1	Ponurym	_	_
2	symbolem	_	_
3	reżimu	_	_
4	-	_	_
5	który	_	_
6	wprawdzie	_	_
7	istniał	_	_
8	tylko	_	_
9	siedem	_	_
10	lat	nsp	_
11	,	_	_
12	ale	_	_
13	w	_	_
14	świadomości	_	_
15	i	_	_
16	mentalności	_	_
17	Greków	_	_
18	pozostawił	_	_
19	ślady	_	_
20	widoczne	_	_
21	do	_	_
22	dziś	_	_
23	-	_	_
24	stały	_	1:IReflV
25	się	_	1
26	obozy	_	_
27	na	_	_
28	wyspach	_	_
29	Jaros	_	_
30	i	_	_
31	Leros	nsp	_
32	.	_	_

1	Prześladowania	nsp	_
2	,	_	_
3	tortury	nsp	_
4	,	_	_
5	znikanie	_	_
6	ludzi	_	_
7	były	_	_
8	na	_	_
9	porządku	_	_
10	dziennym	nsp	_
11	,	_	_
12	a	_	_
13	Grecja	_	_
14	dla	_	_
15	całej	_	_
16	Europy	_	_
17	stała	_	1:IReflV
18	się	_	1
19	synonimem	_	_
20	ucisku	_	_
21	i	_	_
22	dławienia	_	_
23	swobód	nsp	_
24	.	_	_

1	Winy	_	_
2	nie	_	_
3	zostały	_	_
4	darowane	_	_

1	Sprawcy	_	_
2	tych	_	_
3	nieszczęść	_	_
4	zostali	_	_
5	ukarani	nsp	_
6	.	_	_

1	Grecy	_	_
2	uważają	nsp	_
3	,	_	_
4	że	_	_
5	darowanie	_	_
6	im	_	_
7	win	_	_
8	było	nsp	_
9	by	_	_
10	czymś	_	_
11	z	_	_
12	gruntu	_	_
13	niemoralnym	nsp	_
14	,	_	_
15	a	_	_
16	wielkoduszne	_	_
17	przebaczenie	_	_
18	przyniosło	_	1:LVC;2:LVC
19	więcej	_	_
20	szkody	_	1
21	niż	_	_
22	pożytku	nsp	2
23	.	_	_

1	Dla	_	_
2	społeczeństwa	_	_
3	-	_	_
4	podkreślają	_	_
5	-	_	_
6	sytuacja	_	_
7	musi	_	_
8	być	_	_
9	jasna	_	_
10	i	_	_
11	klarowna	nsp	_
12	:	_	_
13	to	_	_
14	jest	_	_
15	dobre	nsp	_
16	,	_	_
17	a	_	_
18	tamto	_	_
19	jest	_	_
20	złe	nsp	_
21	.	_	_

1	Pułkownicy	_	_
2	podeptali	_	_
3	przecież	_	_
4	demokrację	nsp	_
5	,	_	_
6	ich	_	_
7	sumienie	_	_
8	obciążają	_	_
9	cierpienia	_	_
10	i	_	_
11	śmierć	_	_
12	tysięcy	_	_
13	ludzi	nsp	_
14	.	_	_

1	-	_	_
2	Lepiej	_	_
3	ukarać	_	_
4	winnych	nsp	_
5	,	_	_
6	niż	_	_
7	na	_	_
8	zawsze	_	_
9	żyć	_	_
10	z	_	_
11	tą	_	_
12	nieszczęsną	_	_
13	spuścizną	_	_
14	-	_	_
15	mówi	_	_
16	Michalis	_	_
17	Papakonstantinu	nsp	_
18	,	_	_
19	jeden	_	_
20	z	_	_
21	przywódców	_	_
22	konserwatywnej	_	_
23	partii	_	_
24	Nowa	_	_
25	Demokracja	nsp	_
26	.	_	_

1	W	_	_
2	więzieniu	_	_
3	do	_	_
4	dziś	_	_
5	przebywa	_	_
6	ścisła	_	_
7	czołówka	_	_
8	sprawców	_	_
9	zamachu	nsp	_
10	,	_	_
11	m	nsp	_
12	.	nsp	_
13	in	nsp	_
14	.	_	_
15	dwaj	_	_
16	bracia	_	_
17	Papadopulos	_	_
18	-	_	_
19	Jeorjos	nsp	_
20	,	_	_
21	szef	_	_
22	junty	nsp	_
23	,	_	_
24	oraz	_	_
25	Kostas	nsp	_
26	.	_	_

1	Są	_	_
2	starzy	nsp	_
3	,	_	_
4	ich	_	_
5	zdrowie	_	_
6	szwankuje	nsp	_
7	.	_	_

1	Zwolnienie	_	_
2	uzyskał	_	_
3	jedynie	_	_
4	bardzo	_	_
5	chory	_	_
6	pułkownik	_	_
7	Stelios	_	_
8	Pattakos	nsp	_
9	.	_	_

1	Co	_	_
2	jakiś	_	_
3	czas	_	_
4	powraca	_	_
5	sprawa	_	_
6	ułaskawienia	_	_
7	skazanych	nsp	_
8	,	_	_
9	a	_	_
10	przynajmniej	_	_
11	zwolnienia	_	_
12	ich	_	_
13	z	_	_
14	więzienia	_	_
15	z	_	_
16	przyczyn	_	_
17	humanitarnych	nsp	_
18	,	_	_
19	zawsze	_	_
20	jednak	_	_
21	wniosek	_	_
22	jest	_	_
23	odrzucany	nsp	_
24	.	_	_

1	Jak	_	_
2	powiedział	_	_
3	niegdyś	_	_
4	sędziwy	_	_
5	Konstantinos	_	_
6	Karamanlis	nsp	_
7	,	_	_
8	eks	nsp	_
9	-	nsp	_
10	premier	_	_
11	i	_	_
12	prezydent	nsp	_
13	,	_	_
14	człowiek	nsp	_
15	,	_	_
16	który	_	_
17	przeprowadził	_	_
18	Grecję	_	_
19	od	_	_
20	dyktatury	_	_
21	do	_	_
22	demokracji	nsp	_
23	:	_	_
24	"	nsp	_
25	Jak	_	_
26	dożywocie	_	_
27	-	_	_
28	to	_	_
29	dożywocie	nsp	_
30	"	nsp	_
31	.	_	_

1	Jeorjos	_	_
2	Mangakis	nsp	_
3	,	_	_
4	wysoki	nsp	_
5	,	_	_
6	szczupły	nsp	_
7	,	_	_
8	elegancki	_	_
9	pan	nsp	_
10	,	_	_
11	przed	_	_
12	1967	_	_
13	rokiem	_	_
14	był	_	_
15	profesorem	_	_
16	prawa	_	_
17	i	_	_
18	kryminologii	_	_
19	na	_	_
20	uniwersytecie	_	_
21	w	_	_
22	Atenach	nsp	_
23	,	_	_
24	występował	_	_
25	też	_	_
26	w	_	_
27	sądzie	_	_
28	jako	_	_
29	obrońca	nsp	_
30	.	_	_

1	Gdy	_	_
2	pułkownicy	_	_
3	przejęli	_	_
4	władzę	nsp	_
5	,	_	_
6	nie	_	_
7	tylko	_	_
8	nie	_	_
9	krył	nsp	_
10	,	_	_
11	co	_	_
12	myśli	_	_
13	o	_	_
14	łamaniu	_	_
15	demokracji	nsp	_
16	,	_	_
17	ale	_	_
18	na	_	_
19	domiar	_	_
20	złego	_	_
21	regularnie	_	_
22	spotykał	_	1:IReflV
23	się	_	1
24	z	_	_
25	dziennikarzami	_	_
26	zagranicznymi	nsp	_
27	.	_	_

1	To	_	_
2	się	_	1:IReflV
3	nie	_	_
4	mogło	_	_
5	podobać	nsp	1
6	.	_	_

1	Kazano	_	_
2	mu	_	_
3	przestać	nsp	_
4	.	_	_

1	-	_	_
2	Gdy	_	_
3	się	_	_
4	o	_	_
5	tym	_	_
6	dowiedział	nsp	_
7	em	nsp	_
8	,	_	_
9	poszedł	nsp	_
10	em	_	_
11	na	_	_
12	uniwersytet	_	_
13	na	_	_
14	swój	_	_
15	ostatni	_	_
16	wykład	nsp	_
17	.	_	_

1	W	_	_
2	sali	_	_
3	było	_	_
4	bardzo	_	_
5	dużo	_	_
6	studentów	nsp	_
7	.	_	_

1	Mówił	nsp	_
2	em	_	_
3	o	_	_
4	obowiązkach	_	_
5	prawnika	nsp	_
6	.	_	_

1	Mówił	nsp	_
2	em	nsp	_
3	,	_	_
4	że	_	_
5	jego	_	_
6	zadaniem	_	_
7	jest	_	_
8	obrona	_	_
9	instytucji	_	_
10	demokratycznych	nsp	_
11	,	_	_
12	w	_	_
13	przeciwnym	_	_
14	bowiem	_	_
15	razie	_	_
16	staje	_	1:IReflV
17	się	_	1
18	on	_	_
19	tylko	_	_
20	urzędnikiem	nsp	_
21	.	_	_

1	Wkrótce	_	_
2	potem	_	_
3	Jeorjos	_	_
4	Mangakis	_	_
5	został	_	_
6	aresztowany	nsp	_
7	,	_	_
8	nie	_	_
9	na	_	_
10	długo	_	_
11	jednak	nsp	_
12	,	_	_
13	i	_	_
14	gdy	_	_
15	wyszedł	nsp	_
16	,	_	_
17	na	_	_
18	dobre	_	_
19	zaangażował	_	_
20	się	_	_
21	w	_	_
22	działalność	_	_
23	opozycyjną	nsp	_
24	.	_	_

1	-	_	_
2	Teraz	nsp	_
3	,	_	_
4	z	_	_
5	perspektywy	_	_
6	lat	nsp	_
7	,	_	_
8	widać	nsp	_
9	,	_	_
10	jak	_	_
11	dobrze	_	_
12	prowadzono	_	1:LVC
13	walkę	nsp	1
14	.	_	_

1	Przede	_	_
2	wszystkim	_	_
3	musieli	nsp	_
4	śmy	_	_
5	pokazać	_	_
6	światu	nsp	_
7	,	_	_
8	że	_	_
9	reżim	_	_
10	jest	_	_
11	całkowicie	_	_
12	osamotniony	nsp	_
13	,	_	_
14	a	_	_
15	społeczeństwo	_	_
16	go	_	_
17	nie	_	_
18	akceptuje	nsp	_
19	.	_	_

1	Dlatego	nsp	_
2	,	_	_
3	gdy	_	_
4	tylko	_	_
5	się	_	1:IReflV
6	dało	nsp	1
7	,	_	_
8	działali	nsp	_
9	śmy	_	_
10	otwarcie	nsp	_
11	:	_	_
12	gazety	_	_
13	szukały	_	_
14	furtek	nsp	_
15	,	_	_
16	pisarze	_	_
17	i	_	_
18	artyści	_	_
19	przestali	_	_
20	publikować	_	_
21	i	_	_
22	wystawiać	nsp	_
23	,	_	_
24	aktorzy	nsp	_
25	,	_	_
26	którzy	_	_
27	występowali	_	_
28	w	_	_
29	telewizji	nsp	_
30	,	_	_
31	byli	_	_
32	bojkotowani	nsp	_
33	,	_	_
34	a	_	_
35	wielu	_	_
36	dziennikarzy	_	_
37	wyemigrowało	_	_
38	i	_	_
39	za	_	_
40	granicą	_	_
41	mówiło	_	_
42	prawdę	_	_
43	o	_	_
44	Grecji	nsp	_
45	.	_	_

1	To	_	_
2	wszystko	_	_
3	było	_	_
4	jednak	_	_
5	za	_	_
6	mało	nsp	_
7	.	_	_

1	Tak	_	_
2	powstała	_	_
3	Obrona	_	_
4	Demokracji	_	_
5	-	_	_
6	duża	_	_
7	organizacja	_	_
8	podziemna	nsp	_
9	,	_	_
10	która	_	_
11	jako	_	_
12	jedyna	_	_
13	zalecała	_	_
14	walkę	_	_
15	zbrojną	nsp	_
16	.	_	_

1	Obrona	_	_
2	stanowiła	_	_
3	prawdziwy	_	_
4	przekrój	_	_
5	społeczeństwa	nsp	_
6	.	_	_

1	Należeli	_	_
2	do	_	_
3	niej	_	_
4	profesorowie	_	_
5	wyższych	_	_
6	uczelni	nsp	_
7	,	_	_
8	adwokaci	nsp	_
9	,	_	_
10	sędziowie	nsp	_
11	,	_	_
12	dziennikarze	nsp	_
13	,	_	_
14	pisarze	nsp	_
15	,	_	_
16	robotnicy	nsp	_
17	,	_	_
18	a	_	_
19	nawet	_	_
20	emerytowani	_	_
21	oficerowie	nsp	_
22	.	_	_

1	W	_	_
2	tym	_	_
3	gronie	_	_
4	znajdował	_	_
5	się	_	_
6	również	_	_
7	obecny	_	_
8	premier	_	_
9	Kostas	_	_
10	Simitis	nsp	_
11	.	_	_

1	Policja	_	_
2	wpadła	_	_
3	na	_	_
4	trop	_	_
5	Obrony	_	_
6	i	_	_
7	w	_	_
8	kwietniu	_	_
9	1970	_	_
10	roku	_	_
11	w	_	_
12	Atenach	_	_
13	34	_	_
14	członków	_	_
15	organizacji	_	_
16	stanęło	_	_
17	przed	_	_
18	sądem	nsp	_
19	.	_	_

1	Proces	_	_
2	opozycjonistów	_	_
3	stał	_	_
4	się	_	_
5	oskarżeniem	_	_
6	reżimu	nsp	_
7	.	_	_

1	Aresztowani	nsp	_
2	,	_	_
3	którzy	nsp	_
4	,	_	_
5	umieszczeni	_	_
6	w	_	_
7	jednym	_	_
8	pawilonie	_	_
9	więziennym	nsp	_
10	,	_	_
11	byli	_	_
12	ze	_	_
13	sobą	_	_
14	w	_	_
15	stałym	_	_
16	kontakcie	nsp	_
17	,	_	_
18	postanowili	nsp	_
19	:	_	_
20	trzeba	_	_
21	głośno	_	_
22	mówić	_	_
23	o	_	_
24	torturach	nsp	_
25	,	_	_
26	trzeba	_	_
27	oskarżyć	_	_
28	reżim	_	_
29	pułkowników	_	_
30	przed	_	_
31	światem	nsp	_
32	.	_	_

1	Przywódca	_	_
2	grupy	nsp	_
3	,	_	_
4	profesor	_	_
5	ekonomii	_	_
6	Karajolas	_	_
7	otrzymał	_	_
8	najwyższy	_	_
9	wyrok	nsp	_
10	:	_	_
11	dożywocie	nsp	_
12	.	_	_

1	Najlżejszy	_	_
2	wyrok	_	_
3	to	_	_
4	4	_	_
5	lata	nsp	_
6	.	_	_

1	Mangakis	_	_
2	został	_	_
3	skazany	_	_
4	na	_	_
5	18	_	_
6	lat	_	_
7	więzienia	nsp	_
8	,	_	_
9	z	_	_
10	których	_	_
11	odsiedział	_	_
12	trzy	nsp	_
13	.	_	_

1	Gdy	_	_
2	zaczął	_	_
3	mieć	_	_
4	problemy	_	_
5	z	_	_
6	oczami	nsp	_
7	,	_	_
8	został	_	_
9	przeniesiony	_	_
10	do	_	_
11	więziennego	_	_
12	szpitala	nsp	_
13	,	_	_
14	a	_	_
15	później	_	_
16	zwolniony	nsp	_
17	.	_	_

1	Wtedy	_	_
2	uciekł	_	_
3	do	_	_
4	Niemiec	nsp	_
5	.	_	_

1	Zabrakło	_	_
2	poparcia	_	_

1	Jak	_	_
2	to	_	_
3	się	_	1:IReflV
4	stało	nsp	1
5	,	_	_
6	że	_	_
7	dyktatura	_	_
8	upadła	nsp	_
9	?	_	_

1	Z	_	_
2	reżimem	_	_
3	pułkowników	_	_
4	stało	_	1:IReflV
5	się	_	1
6	to	nsp	_
7	,	_	_
8	co	_	_
9	dzieje	_	2:IReflV
10	się	_	2
11	z	_	_
12	władzą	nsp	_
13	,	_	_
14	która	_	_
15	nie	_	_
16	potrafi	_	_
17	zdobyć	_	_
18	uznania	_	_
19	i	_	_
20	poparcia	_	_
21	społecznego	nsp	_
22	,	_	_
23	a	_	_
24	jednocześnie	_	_
25	nie	_	_
26	jest	_	_
27	na	_	_
28	tyle	_	_
29	silna	nsp	_
30	,	_	_
31	by	_	_
32	przez	_	_
33	dłuższy	_	_
34	czas	_	_
35	mogła	_	_
36	trzymać	_	_
37	się	_	_
38	siłą	_	_
39	represji	nsp	_
40	.	_	_

1	Pułkownicy	nsp	_
2	,	_	_
3	przy	_	_
4	wszystkich	_	_
5	popełnianych	_	_
6	okrucieństwach	nsp	_
7	,	_	_
8	nigdy	_	_
9	nie	_	_
10	przekroczyli	_	1:ID
11	progu	nsp	1
12	,	_	_
13	poza	_	_
14	którym	_	_
15	wszelki	_	_
16	opór	_	_
17	przestaje	_	_
18	istnieć	nsp	_
19	.	_	_

1	Z	_	_
2	drugiej	_	_
3	strony	nsp	_
4	,	_	_
5	nie	_	_
6	zdołali	_	_
7	kupić	_	_
8	społeczeństwa	_	_
9	sukcesami	nsp	_
10	.	_	_

1	Grecja	_	_
2	pod	_	_
3	ich	_	_
4	rządami	_	_
5	nie	_	_
6	stała	_	1:IReflV
7	się	_	1
8	krajem	_	_
9	rozkwitu	_	_
10	i	_	_
11	dostatku	nsp	_
12	,	_	_
13	pracy	_	_
14	dla	_	_
15	wszystkich	_	_
16	i	_	_
17	powszechnego	_	_
18	dobrobytu	nsp	_
19	.	_	_

1	Michalis	_	_
2	Papakonstantinu	_	_
3	uważa	nsp	_
4	,	_	_
5	że	_	_
6	sprawą	_	_
7	zasadniczą	_	_
8	był	_	_
9	brak	_	_
10	poparcia	_	_
11	społecznego	nsp	_
12	.	_	_

1	Rządy	_	_
2	pułkowników	_	_
3	opierały	_	_
4	się	_	_
5	tylko	_	_
6	na	_	_
7	wojsku	nsp	_
8	.	_	_

1	A	_	_
2	skoro	_	_
3	tak	nsp	_
4	,	_	_
5	to	_	_
6	coraz	_	_
7	silniejszy	_	_
8	ferment	_	_
9	w	_	_
10	armii	_	_
11	kruszył	_	_
12	samą	_	_
13	podstawę	_	_
14	władzy	nsp	_
15	.	_	_

1	W	_	_
2	roku	_	_
3	1972	_	_
4	grupa	_	_
5	oficerów	_	_
6	marynarki	_	_
7	planowała	_	_
8	obalenie	_	_
9	pułkowników	_	_
10	i	_	_
11	przejęcie	_	_
12	władzy	nsp	_
13	.	_	_

1	Spisek	_	_
2	wykryto	nsp	_
3	,	_	_
4	nastąpiły	_	_
5	aresztowania	nsp	_
6	,	_	_
7	kierujący	_	_
8	spiskowcami	_	_
9	kapitan	_	_
10	Pappas	_	_
11	w	_	_
12	ostatniej	_	_
13	chwili	_	_
14	statkiem	_	_
15	uciekł	_	_
16	do	_	_
17	Włoch	nsp	_
18	,	_	_
19	ale	_	_
20	to	_	_
21	był	_	_
22	początek	_	_
23	końca	nsp	_
24	.	_	_

1	-	_	_
2	Utrata	_	_
3	kontroli	_	_
4	nad	_	_
5	armią	_	_
6	oznaczała	_	_
7	utratę	_	_
8	kontroli	_	_
9	nad	_	_
10	krajem	_	_
11	-	_	_
12	mówi	_	_
13	Papakonstantinu	nsp	_
14	,	_	_
15	który	_	_
16	sam	_	_
17	spędził	_	_
18	parę	_	_
19	lat	_	_
20	w	_	_
21	więzieniu	nsp	_
22	.	_	_

1	Słabnący	_	_
2	reżim	_	_
3	próbował	_	_
4	ratować	_	_
5	się	_	_
6	nasilaniem	_	_
7	represji	nsp	_
8	.	_	_

1	W	_	_
2	listopadzie	_	_
3	1973	_	_
4	roku	_	_
5	krwawo	_	_
6	stłumiono	_	_
7	ruch	_	_
8	studentów	_	_
9	politechniki	_	_
10	ateńskiej	nsp	_
11	.	_	_

1	Ta	_	_
2	masakra	_	_
3	stała	_	1:IReflV
4	się	_	1
5	symbolem	nsp	_
6	,	_	_
7	ale	_	_
8	zarazem	_	_
9	punktem	_	_
10	zwrotnym	nsp	_
11	.	_	_

1	-	_	_
2	Od	_	_
3	paru	_	_
4	dni	_	_
5	-	_	_
6	opowiada	_	_
7	znajomy	_	_
8	Grek	_	_
9	-	_	_
10	na	_	_
11	politechnice	_	_
12	trwały	_	_
13	strajki	nsp	_
14	,	_	_
15	protesty	_	_
16	i	_	_
17	manifestacje	nsp	_
18	.	_	_

1	Mieszkał	nsp	_
2	em	_	_
3	naprzeciwko	nsp	_
4	,	_	_
5	na	_	1:ID
6	własne	_	1
7	oczy	_	1
8	widział	nsp	1
9	em	nsp	1
10	,	_	_
11	co	_	_
12	się	_	2:IReflV
13	tam	_	_
14	działo	nsp	2
15	.	_	_

1	Widział	nsp	_
2	em	nsp	_
3	,	_	_
4	jak	_	_
5	ulicą	_	_
6	nechały	_	_
7	czołgi	nsp	_
8	.	_	_

1	Zaczęto	_	_
2	strzelać	nsp	_
3	.	_	_

1	Ktoś	_	_
2	został	_	_
3	przejechany	nsp	_
4	,	_	_
5	leżał	_	_
6	na	_	_
7	bruku	_	_
8	zalany	_	_
9	krwią	nsp	_
10	.	_	_

1	Potem	_	_
2	tajna	_	_
3	policja	_	_
4	zaczęła	_	_
5	zabierać	_	_
6	ludzi	nsp	_
7	.	_	_

1	Na	_	_
2	politechnice	_	_
3	nic	_	_
4	nie	_	_
5	przypomina	_	_
6	tamtych	_	_
7	tragicznych	_	_
8	dni	nsp	_
9	.	_	_

1	Długi	nsp	_
2	,	_	_
3	niski	nsp	_
4	,	_	_
5	szary	_	_
6	budynek	nsp	_
7	,	_	_
8	otoczony	_	_
9	plątaniną	_	_
10	ruchliwych	_	_
11	uliczek	_	_
12	centrum	_	_
13	Aten	nsp	_
14	.	_	_

1	Tylko	_	_
2	od	_	_
3	frontu	_	_
4	ciągnie	_	1:IReflV
5	się	_	1
6	szeroka	_	_
7	aleja	nsp	_
8	,	_	_
9	jakby	_	_
10	stworzona	_	_
11	dla	_	_
12	kolumny	_	_
13	czołgów	nsp	_
14	.	nsp	_
15	.	nsp	_
16	.	_	_

1	Ile	_	_
2	osób	_	_
3	zginęło	nsp	_
4	,	_	_
5	nigdy	_	_
6	dokładnie	_	_
7	nie	_	_
8	ujawniono	nsp	_
9	.	_	_

1	Mówi	_	_
2	się	_	_
3	o	_	_
4	około	_	_
5	dziesięciu	nsp	_
6	,	_	_
7	może	_	_
8	kilkunastu	_	_
9	zabitych	nsp	_
10	.	_	_

1	Ale	_	_
2	kto	_	_
3	tak	_	_
4	naprawdę	_	_
5	wie	nsp	_
6	,	_	_
7	co	_	_
8	działo	_	_
9	się	_	_
10	później	_	_
11	w	_	_
12	czasie	_	_
13	przesłuchań	nsp	_
14	?	_	_

1	-	_	_
2	Po	_	_
3	wydarzeniach	_	_
4	na	_	_
5	politechnice	_	_
6	poczuli	nsp	_
7	śmy	nsp	_
8	,	_	_
9	że	_	_
10	koniec	_	_
11	jest	_	_
12	już	_	_
13	blisko	_	_
14	-	_	_
15	opowiada	_	_
16	Jeorjos	_	_
17	Mangakis	nsp	_
18	.	_	_

1	-	_	_
2	Junta	_	_
3	też	_	_
4	to	_	_
5	wiedziała	nsp	_
6	.	_	_

1	Wtedy	_	_
2	pułkownicy	_	_
3	zaczęli	_	_
4	udawać	_	_
5	demokrację	nsp	_
6	.	_	_

1	Wkrótce	_	_
2	nastąpił	_	_
3	"	nsp	_
4	pucz	_	_
5	w	_	_
6	puczu	nsp	_
7	"	nsp	_
8	:	_	_
9	pułkownik	_	_
10	Ioannidis	_	_
11	odsunął	_	_
12	znienawidzonego	_	_
13	Papadopulosa	nsp	_
14	,	_	_
15	a	_	_
16	prezydentem	_	_
17	został	_	_
18	Fedon	_	_
19	Gizikis	nsp	_
20	.	_	_

1	Ale	_	_
2	były	_	_
3	to	_	_
4	tylko	_	_
5	zmiany	_	_
6	kosmetyczne	nsp	_
7	.	_	_

1	Jeśli	_	_
2	istnieje	_	_
3	coś	nsp	_
4	,	_	_
5	co	_	_
6	jest	_	_
7	w	_	_
8	stanie	_	_
9	zjednoczyć	_	_
10	wszystkich	_	_
11	Greków	nsp	_
12	,	_	_
13	niezależnie	_	_
14	od	_	_
15	tego	nsp	_
16	,	_	_
17	kim	_	_
18	są	_	_
19	i	_	_
20	jakie	_	_
21	wyznają	_	_
22	poglądy	nsp	_
23	,	_	_
24	to	_	_
25	jest	_	_
26	to	_	_
27	bez	_	_
28	wątpienia	_	_
29	problem	_	_
30	Cypru	nsp	_
31	.	_	_

1	Pułkownicy	_	_
2	postanowili	_	_
3	to	_	_
4	wykorzystać	_	_
5	i	_	_
6	trzeba	_	_
7	przyznać	nsp	_
8	,	_	_
9	że	_	_
10	ich	_	_
11	rachuby	_	_
12	nie	_	_
13	były	_	_
14	całkiem	_	_
15	pozbawione	_	_
16	sensu	nsp	_
17	:	_	_
18	gdyby	_	_
19	udało	_	_
20	im	_	_
21	się	_	_
22	obalić	_	_
23	arcybiskupa	_	_
24	Makariosa	nsp	_
25	,	_	_
26	ówczesnego	_	_
27	prezydenta	nsp	_
28	,	_	_
29	i	_	_
30	dokonać	_	_
31	"	nsp	_
32	enosis	nsp	_
33	"	nsp	_
34	,	_	_
35	czyli	_	_
36	przyłączyć	_	_
37	Cypr	_	_
38	do	_	_
39	Grecji	nsp	_
40	,	_	_
41	mogli	nsp	_
42	by	_	_
43	sobie	_	_
44	zaskarbić	_	_
45	choć	_	_
46	cień	_	_
47	sympatii	_	_
48	społeczeństwa	nsp	_
49	.	_	_

1	Kto	_	_
2	mógł	_	_
3	przewidzieć	nsp	_
4	,	_	_
5	że	_	_
6	nie	_	_
7	tylko	_	_
8	zamachowcy	_	_
9	przegrają	nsp	_
10	,	_	_
11	ale	_	_
12	na	_	_
13	domiar	_	_
14	złego	_	_
15	do	_	_
16	gry	_	_
17	włączy	_	_
18	się	_	_
19	Turcja	nsp	_
20	,	_	_
21	odwieczny	_	_
22	wróg	nsp	_
23	,	_	_
24	który	_	_
25	zajmie	_	_
26	całą	_	_
27	północ	_	_
28	wyspy	nsp	_
29	?	_	_

1	To	_	_
2	do	_	_
3	reszty	_	_
4	pogrążyło	_	_
5	juntę	nsp	_
6	.	_	_

1	W	_	_
2	lipcu	_	_
3	1974	_	_
4	roku	_	_
5	jej	_	_
6	władza	_	_
7	po	_	_
8	prostu	_	_
9	się	_	_
10	rozsypała	nsp	_
11	.	_	_

1	Gdy	_	_
2	stało	_	_
3	się	_	_
4	jasne	nsp	_
5	,	_	_
6	że	_	_
7	to	_	_
8	już	_	_
9	koniec	nsp	_
10	,	_	_
11	prezydent	_	_
12	Gizikis	_	_
13	wezwał	_	_
14	Konstantinosa	_	_
15	Karamanlisa	nsp	_
16	,	_	_
17	jednego	_	_
18	z	_	_
19	czołowych	_	_
20	polityków	nsp	_
21	,	_	_
22	który	_	_
23	przebywał	_	_
24	na	_	_
25	emigracji	_	_
26	w	_	_
27	Paryżu	nsp	_
28	.	_	_

1	W	_	_
2	dwa	_	_
3	dni	_	_
4	później	_	_
5	Karamanlis	_	_
6	był	_	_
7	już	_	_
8	w	_	_
9	Grecji	nsp	_
10	.	_	_

1	Ale	_	_
2	w	_	_
3	Atenach	_	_
4	nie	_	_
5	było	_	_
6	bezpiecznie	nsp	_
7	,	_	_
8	na	_	_
9	wszelki	_	_
10	więc	_	_
11	wypadek	_	_
12	główną	_	_
13	kwaterę	_	_
14	zorganizował	_	_
15	sobie	_	_
16	na	_	_
17	statku	_	_
18	w	_	_
19	Pireusie	_	_
20	i	_	_
21	stamtąd	_	_
22	przez	_	_
23	miesiąc	_	_
24	kierował	_	_
25	krajem	nsp	_
26	.	_	_

1	-	_	_
2	Dyktatura	_	_
3	nie	_	_
4	została	_	_
5	obalona	_	_
6	przez	_	_
7	społeczeństwo	_	_
8	czy	_	_
9	ruch	_	_
10	oporu	nsp	_
11	,	_	_
12	lecz	_	_
13	sama	_	_
14	się	_	_
15	załamała	_	_
16	-	_	_
17	uważa	_	_
18	Gerassimos	_	_
19	Notaras	nsp	_
20	,	_	_
21	były	_	_
22	przewodniczący	_	_
23	stowarzyszenia	_	_
24	więźniów	_	_
25	politycznych	nsp	_
26	.	_	_

1	-	_	_
2	Zamach	_	_
3	na	_	_
4	Cyprze	_	_
5	podziałał	_	_
6	tylko	_	_
7	jak	_	_
8	katalizator	nsp	_
9	.	_	_

1	Wielki	_	_
2	proces	_	_

1	Grecy	_	_
2	od	_	_
3	dyktatury	_	_
4	do	_	_
5	demokracji	_	_
6	przeszli	_	_
7	w	_	_
8	sposób	_	_
9	bezkrwawy	nsp	_
10	,	_	_
11	bez	_	_
12	walk	nsp	_
13	,	_	_
14	rozlewu	_	_
15	krwi	_	_
16	i	_	_
17	ofiar	nsp	_
18	.	_	_

1	Panował	_	_
2	niebywały	_	_
3	entuzjazm	_	_
4	i	_	_
5	z	_	_
6	początku	_	_
7	nikt	_	_
8	nie	_	_
9	zaprzątał	_	_
10	sobie	_	_
11	głowy	_	_
12	pytaniem	nsp	_
13	,	_	_
14	jak	_	_
15	ukarać	_	_
16	członków	_	_
17	junty	_	_
18	-	_	_
19	tym	_	_
20	bardziej	_	_
21	że	_	_
22	oni	_	_
23	sami	_	_
24	woleli	_	_
25	zejść	_	_
26	ludziom	_	_
27	z	_	_
28	oczu	nsp	_
29	.	_	_

1	Ale	_	_
2	ten	_	_
3	problem	_	_
4	z	_	_
5	czasem	_	_
6	musiał	_	_
7	się	_	_
8	pojawić	nsp	_
9	.	_	_

1	Już	_	_
2	po	_	_
3	paru	_	_
4	miesiącach	_	_
5	przywódców	_	_
6	reżimu	_	_
7	aresztowano	_	_
8	i	_	_
9	osadzono	_	_
10	w	_	_
11	ateńskim	_	_
12	więzieniu	_	_
13	Korydallos	nsp	_
14	.	_	_

1	Sprawę	_	_
2	ich	_	_
3	odpowiedzialności	_	_
4	uregulował	_	_
5	uchwalony	_	_
6	wkrótce	_	_
7	Akt	_	_
8	Konstytucyjny	nsp	_
9	:	_	_
10	przed	_	_
11	trybunałem	_	_
12	specjalnym	_	_
13	muszą	_	_
14	odpowiadać	_	_
15	wszyscy	_	_
16	ci	nsp	_
17	,	_	_
18	którzy	_	_
19	zaplanowali	_	_
20	i	_	_
21	zorganizowali	_	_
22	zamach	_	_
23	na	_	_
24	demokrację	nsp	_
25	,	_	_
26	a	_	_
27	także	_	_
28	ci	nsp	_
29	,	_	_
30	którzy	_	_
31	do	_	_
32	junty	_	_
33	przyłączyli	_	_
34	się	_	_
35	później	nsp	_
36	,	_	_
37	ale	_	_
38	odgrywali	_	_
39	decydującą	_	_
40	rolę	_	_
41	we	_	_
42	wcielaniu	_	_
43	jej	_	_
44	decyzji	_	_
45	w	_	_
46	życie	nsp	_
47	.	_	_

1	Pozostali	_	_
2	mieli	_	_
3	być	_	_
4	sądzeni	_	_
5	przez	_	_
6	zwykłe	_	_
7	sądy	_	_
8	i	_	_
9	tylko	_	_
10	wówczas	nsp	_
11	,	_	_
12	gdy	_	_
13	osobiście	_	_
14	dopuścili	_	_
15	się	_	_
16	zbrodni	nsp	_
17	.	_	_

1	Już	_	_
2	na	_	_
3	początku	_	_
4	roku	_	_
5	1975	_	_
6	rozpoczął	_	_
7	się	_	_
8	wielki	_	_
9	proces	_	_
10	przywódców	_	_
11	junty	nsp	_
12	.	_	_

1	Przed	_	_
2	sądem	_	_
3	postawiono	_	_
4	około	_	_
5	20	_	_
6	osób	_	_
7	i	_	_
8	byli	_	_
9	to	_	_
10	sami	_	_
11	wojskowi	nsp	_
12	.	_	_

1	Pięciu	_	_
2	z	_	_
3	nich	_	_
4	-	_	_
5	m	nsp	_
6	.	nsp	_
7	in	nsp	_
8	.	_	_

1	Jeorjos	_	_
2	Papadopulos	nsp	_
3	,	_	_
4	szef	_	_
5	junty	nsp	_
6	,	_	_
7	Nikos	_	_
8	Makarezos	nsp	_
9	,	_	_
10	odpowiedzialny	_	_
11	za	_	_
12	gospodarkę	nsp	_
13	,	_	_
14	i	_	_
15	Stelios	_	_
16	Pattakos	nsp	_
17	,	_	_
18	któremu	_	_
19	podlegały	_	_
20	sprawy	_	_
21	bezpieczeństwa	_	_
22	-	_	_
23	otrzymało	_	_
24	karę	_	_
25	śmierci	nsp	_
26	.	_	_

1	-	_	_
2	Wyrok	_	_
3	-	_	_
4	opowiada	_	_
5	Gerassimos	_	_
6	Notaras	_	_
7	-	_	_
8	zapadł	_	_
9	o	_	_
10	godzinie	_	_
11	16	nsp	_
12	.	nsp	_
13	00	nsp	_
14	.	_	_

1	W	_	_
2	kwadrans	_	_
3	później	_	_
4	Karamanlis	_	_
5	wydał	_	_
6	oświadczenie	nsp	_
7	,	_	_
8	że	_	_
9	egzekucji	_	_
10	nie	_	_
11	będzie	nsp	_
12	.	_	_

1	Sądzę	nsp	_
2	,	_	_
3	że	_	_
4	za	_	_
5	pośrednictwem	_	_
6	Amerykanów	_	_
7	zawarł	_	_
8	z	_	_
9	członkami	_	_
10	junty	_	_
11	porozumienie	nsp	_
12	,	_	_
13	iż	_	_
14	nie	_	_
15	będzie	_	_
16	odwetu	nsp	_
17	.	_	_

1	Całej	_	_
2	piątce	_	_
3	zamieniono	_	_
4	wyrok	_	_
5	na	_	_
6	dożywocie	nsp	_
7	.	_	_

1	Czy	_	_
2	słusznie	_	_
3	ukarano	_	_
4	pułkowników	nsp	_
5	?	_	_

1	-	_	_
2	Sądzę	nsp	_
3	,	_	_
4	że	_	_
5	tak	_	_
6	naprawdę	_	_
7	ukarania	_	_
8	nie	_	_
9	było	_	_
10	-	_	_
11	mówi	_	_
12	Notaras	nsp	_
13	.	_	_

1	-	_	_
2	Zrobiono	_	_
3	absolutne	_	_
4	minimum	nsp	_
5	,	_	_
6	tylko	_	_
7	to	nsp	_
8	,	_	_
9	co	_	_
10	konieczne	nsp	_
11	,	_	_
12	by	_	_
13	uniknąć	_	_
14	nieprzychylnej	_	_
15	reakcji	_	_
16	społeczeństwa	nsp	_
17	.	_	_

1	Skazano	_	_
2	w	_	_
3	sumie	_	_
4	mniej	_	_
5	niż	_	_
6	50	_	_
7	osób	nsp	_
8	.	_	_

1	Powinno	_	_
2	się	_	_
3	zrobić	_	_
4	znacznie	_	_
5	więcej	_	_
6	-	_	_
7	ukarać	_	_
8	ministrów	nsp	_
9	,	_	_
10	ludzi	_	_
11	winnych	_	_
12	torturowania	_	_
13	więźniów	nsp	_
14	.	_	_

1	Wszyscy	_	_
2	jednak	_	_
3	wiedzą	nsp	_
4	,	_	_
5	że	_	_
6	odejście	_	_
7	junty	_	_
8	było	_	_
9	skutkiem	_	_
10	kompromisu	_	_
11	i	_	_
12	że	_	_
13	przez	_	_
14	to	_	_
15	Karamanlis	_	_
16	nie	_	_
17	był	_	_
18	w	_	_
19	stanie	_	_
20	dokonać	_	_
21	katharsis	nsp	_
22	.	_	_

1	Dlatego	_	_
2	wielu	_	_
3	nie	_	_
4	ma	_	_
5	poczucia	nsp	_
6	,	_	_
7	że	_	_
8	sprawiedliwości	_	_
9	stało	_	_
10	się	_	_
11	zadość	nsp	_
12	.	_	_

1	Warunek	_	_
2	przebaczenia	_	_

1	Gerassimos	_	_
2	Notaras	_	_
3	pracuje	_	_
4	dziś	_	_
5	w	_	_
6	jednym	_	_
7	z	_	_
8	największych	_	_
9	greckich	_	_
10	banków	nsp	_
11	.	_	_

1	Jeorjos	_	_
2	Mangakis	_	_
3	jest	_	_
4	deputowanym	nsp	_
5	,	_	_
6	a	_	_
7	w	_	_
8	latach	_	_
9	80	nsp	_
10	.	_	_
11	był	_	_
12	ministrem	_	_
13	w	_	_
14	rządzie	_	_
15	socjalistycznym	_	_
16	-	_	_
17	najpierw	_	_
18	sprawiedliwości	nsp	_
19	,	_	_
20	a	_	_
21	potem	_	_
22	spraw	_	_
23	europejskich	nsp	_
24	.	_	_

1	Michalis	_	_
2	Papakonstantinu	_	_
3	w	_	_
4	rządzie	_	_
5	konserwatywnym	_	_
6	doszedł	_	_
7	do	_	_
8	stanowiska	_	_
9	ministra	_	_
10	spraw	_	_
11	zagranicznych	nsp	_
12	.	_	_

1	Żaden	_	_
2	z	_	_
3	nich	_	_
4	nie	_	_
5	pragnie	_	_
6	odwetu	nsp	_
7	,	_	_
8	ale	_	_
9	w	_	_
10	jednym	_	_
11	wszyscy	_	_
12	są	_	_
13	zgodni	nsp	_
14	:	_	_
15	warunkiem	_	_
16	przebaczenia	_	_
17	jest	_	_
18	skrucha	_	_
19	i	_	_
20	żal	nsp	_
21	.	_	_

1	-	_	_
2	Mogą	_	_
3	wrócić	_	_
4	do	_	_
5	domów	nsp	_
6	,	_	_
7	ale	_	_
8	nie	_	_
9	jako	_	_
10	ludzie	_	_
11	dumni	_	_
12	i	_	_
13	zadowoleni	_	_
14	z	_	_
15	siebie	nsp	_
16	.	_	_

1	Sami	_	_
2	muszą	_	_
3	prosić	_	_
4	o	_	_
5	łaskę	_	_
6	-	_	_
7	uważa	_	_
8	Mangakis	nsp	_
9	.	_	_

1	Tymczasem	_	_
2	skazani	_	_
3	stawiają	_	_
4	sprawę	_	_
5	inaczej	nsp	_
6	:	_	_
7	to	_	_
8	państwo	_	_
9	powinno	_	_
10	zaoferować	_	_
11	im	_	_
12	zwolnienie	nsp	_
13	.	_	_

1	Prawdopodobnie	_	_
2	więc	_	_
3	pozostaną	_	_
4	w	_	_
5	więzieniu	nsp	_
6	.	_	_

1	A	_	_
2	skutki	_	_
3	rządów	_	_
4	junty	nsp	_
5	?	_	_

1	Czas	_	_
2	dyktatury	_	_
3	przyniósł	_	_
4	Grekom	_	_
5	wiele	_	_
6	cierpień	nsp	_
7	,	_	_
8	zahamował	_	_
9	też	_	_
10	rozwój	_	_
11	gospodarki	nsp	_
12	,	_	_
13	ale	nsp	_
14	,	_	_
15	paradoksalnie	nsp	_
16	,	_	_
17	miał	_	_
18	też	_	_
19	jeden	_	_
20	skutek	_	_
21	pozytywny	nsp	_
22	:	_	_
23	gdyby	_	_
24	nie	_	_
25	potrzeba	_	_
26	ugruntowania	_	_
27	świeżej	_	_
28	demokracji	nsp	_
29	,	_	_
30	Grecja	nsp	_
31	,	_	_
32	przy	_	_
33	swym	_	_
34	poziomie	_	_
35	gospodarczym	nsp	_
36	,	_	_
37	miała	nsp	_
38	by	_	_
39	znikome	_	_
40	szanse	_	_
41	na	_	_
42	wejście	_	_
43	do	_	_
44	Europejskiej	_	_
45	Wspólnoty	_	_
46	Gospodarczej	nsp	_
47	,	_	_
48	jak	_	_
49	wówczas	_	_
50	nazywała	_	_
51	się	_	_
52	UE	nsp	_
53	.	_	_

1	Grecy	_	_
2	są	_	_
3	też	_	_
4	zadowoleni	_	_
5	ze	_	_
6	zniesienia	_	_
7	monarchii	_	_
8	-	_	_
9	co	_	_
10	w	_	_
11	roku	_	_
12	1973	_	_
13	uczynili	_	_
14	pułkownicy	_	_
15	i	_	_
16	co	_	_
17	później	_	_
18	potwierdzono	nsp	_
19	.	_	_

1	Król	_	_
2	Konstantyn	nsp	_
3	,	_	_
4	który	_	_
5	nie	_	_
6	chciał	_	_
7	czy	_	_
8	nie	_	_
9	umiał	_	_
10	stanąć	_	_
11	na	_	_
12	czele	_	_
13	walki	_	_
14	z	_	_
15	reżimem	nsp	_
16	,	_	_
17	stracił	_	_
18	doszczętnie	_	_
19	sympatię	_	_
20	narodu	nsp	_
21	.	_	_

1	Wielu	_	_
2	ludzi	_	_
3	uważa	_	_
4	jednak	nsp	_
5	,	_	_
6	że	_	_
7	najbardziej	_	_
8	fatalna	_	_
9	spuścizna	_	_
10	dyktatury	_	_
11	to	_	_
12	daleko	_	_
13	idące	_	_
14	rozluźnienie	_	_
15	zasad	_	_
16	i	_	_
17	zniszczenie	_	_
18	uczciwości	nsp	_
19	.	_	_

1	-	_	_
2	Zniknęły	_	_
3	wszelkie	_	_
4	hamulce	_	_
5	-	_	_
6	mówi	_	_
7	dziennikarz	_	_
8	z	_	_
9	poważnego	_	_
10	dziennika	nsp	_
11	"	nsp	_
12	Kathimerini	nsp	_
13	"	nsp	_
14	.	_	_

1	-	_	_
2	Ludzie	_	_
3	uważają	nsp	_
4	,	_	_
5	że	_	_
6	wszystko	_	_
7	im	_	_
8	wolno	nsp	_
9	.	_	_

1	Nie	_	_
2	ma	_	_
3	już	_	_
4	rzeczy	_	_
5	niedozwolonych	nsp	_
6	.	_	_

1	-	_	_
2	W	_	_
3	dyktaturze	_	_
4	-	_	_
5	zauważa	_	_
6	Jeorjos	_	_
7	Mangakis	_	_
8	-	_	_
9	jest	_	_
10	odwrotnie	_	_
11	niż	_	_
12	w	_	_
13	naturze	nsp	_
14	:	_	_
15	osad	_	_
16	nie	_	_
17	opada	nsp	_
18	,	_	_
19	lecz	_	_
20	idzie	_	_
21	do	_	_
22	góry	nsp	_
23	.	_	_

